,Date,R000,R001,R002,R003,R004,R005,Totale complessivo
243,20180901,1276.0,1238,,815,1158,774.0,5261.0
244,20180902,1070.0,971,,614,974,664.0,4293.0
245,20180903,657.0,782,,732,808,706.0,3685.0
246,20180904,647.0,793,,763,731,644.0,3578.0
247,20180905,635.0,758,,750,760,691.0,3594.0
248,20180906,652.0,827,,746,741,440.0,3406.0
249,20180907,886.0,953,,717,897,782.0,4235.0
250,20180908,1097.0,1185,,800,1066,817.0,4965.0
251,20180909,874.0,850,,655,921,657.0,3957.0
252,20180910,627.0,850,,745,784,918.0,3924.0
253,20180911,589.0,848,,756,806,768.0,3767.0
254,20180912,617.0,856,,792,804,949.0,4018.0
255,20180913,576.0,898,,856,778,748.0,3856.0
256,20180914,803.0,1162,,871,931,960.0,4727.0
257,20180915,1308.0,1230,,848,1056,950.0,5392.0
258,20180916,835.0,992,,699,940,680.0,4146.0
259,20180917,521.0,869,,851,724,667.0,3632.0
260,20180918,563.0,761,,767,674,706.0,3471.0
261,20180919,548.0,759,,823,694,752.0,3576.0
262,20180920,711.0,965,,901,928,1075.0,4580.0
263,20180921,778.0,1089,,929,1066,900.0,4762.0
264,20180922,1174.0,1227,,880,1138,912.0,5331.0
265,20180923,1009.0,1039,,694,926,604.0,4272.0
266,20180924,460.0,699,,836,749,639.0,3383.0
267,20180925,502.0,713,,892,759,737.0,3603.0
268,20180926,470.0,845,,856,742,723.0,3636.0
269,20180927,490.0,778,,864,790,652.0,3574.0
270,20180928,835.0,1112,,1020,1083,986.0,5036.0
271,20180929,1202.0,1321,,971,1263,915.0,5672.0
272,20180930,924.0,935,,816,955,712.0,4342.0
273,20181001,444.0,671,,770,707,544.0,3136.0
274,20181002,486.0,711,,834,675,561.0,3267.0
275,20181003,454.0,753,,829,723,608.0,3367.0
276,20181004,427.0,792,,772,714,647.0,3352.0
277,20181005,770.0,1122,,859,993,849.0,4593.0
278,20181006,1292.0,1250,,895,1098,929.0,5464.0
279,20181007,907.0,959,,629,864,570.0,3929.0
280,20181008,411.0,731,,775,673,649.0,3239.0
281,20181009,406.0,736,,774,633,565.0,3114.0
282,20181010,483.0,762,,735,684,567.0,3231.0
283,20181011,483.0,763,,782,773,535.0,3336.0
284,20181012,772.0,1176,,953,987,852.0,4740.0
285,20181013,1220.0,1351,,920,1195,849.0,5535.0
286,20181014,907.0,945,,648,919,556.0,3975.0
287,20181015,436.0,716,,836,657,520.0,3165.0
288,20181016,398.0,730,,743,700,581.0,3152.0
289,20181017,468.0,795,,799,671,556.0,3289.0
290,20181018,430.0,761,,756,737,635.0,3319.0
291,20181019,762.0,1158,,810,975,885.0,4590.0
292,20181020,1291.0,1358,,889,1206,844.0,5588.0
293,20181021,888.0,984,,667,842,529.0,3910.0
294,20181022,425.0,710,,748,672,498.0,3053.0
295,20181023,404.0,771,,732,696,520.0,3123.0
296,20181024,462.0,756,,779,712,759.0,3468.0
297,20181025,431.0,722,,693,755,630.0,3231.0
298,20181026,654.0,1124,,765,955,914.0,4412.0
299,20181027,1227.0,1007,,751,1114,753.0,4852.0
300,20181028,108.5,857,,596,919,617.0,3097.5
301,20181029,344.0,630,,701,606,487.0,2768.0
302,20181030,446.0,697,,755,684,580.0,3162.0
303,20181031,997.0,1111,,894,1153,852.0,5007.0
304,20181101,952.0,1042,,620,812,655.0,4081.0
305,20181102,863.0,1092,,685,1013,711.0,4364.0
306,20181103,1364.0,1236,,787,1051,754.0,5192.0
307,20181104,972.0,935,,708,822,634.0,4071.0
308,20181105,378.0,633,,799,583,536.0,2929.0
309,20181106,378.0,710,,690,618,528.0,2924.0
310,20181107,418.0,735,,747,617,630.0,3147.0
311,20181108,424.0,785,,748,664,564.0,3185.0
312,20181109,660.0,1106,,833,1055,864.0,4518.0
313,20181110,1156.0,1395,,891,1176,748.0,5366.0
314,20181111,894.0,1008,,628,898,562.0,3990.0
315,20181112,386.0,728,,719,611,564.0,3008.0
316,20181113,415.0,824,,730,654,604.0,3227.0
317,20181114,487.0,808,,741,688,676.0,3400.0
318,20181115,465.0,768,,760,704,592.0,3289.0
319,20181116,767.0,1161,,956,999,796.0,4679.0
320,20181117,1225.0,1321,,920,1162,867.0,5495.0
321,20181118,998.0,925,,663,902,544.0,4032.0
322,20181119,418.0,698,,866,683,542.0,3207.0
323,20181120,464.0,756,,837,734,637.0,3428.0
324,20181121,506.0,778,,904,741,692.0,3621.0
325,20181122,526.0,822,,902,806,760.0,3816.0
326,20181123,904.0,1112,,980,1052,979.0,5027.0
327,20181124,1391.0,1372,,1057,1269,936.0,6025.0
328,20181125,1075.0,1031,,741,975,690.0,4512.0
329,20181126,446.0,627,,765,597,489.0,2924.0
330,20181127,419.0,724,,748,675,521.0,3087.0
331,20181128,444.0,754,,734,718,526.0,3176.0
332,20181129,440.0,738,,782,652,645.0,3257.0
333,20181130,744.0,1138,,834,1001,956.0,4673.0
334,20181201,1608.0,1510,,1023,1285,1123.0,6549.0
335,20181202,1001.0,968,,673,921,606.0,4169.0
336,20181203,513.0,703,,806,619,653.0,3294.0
337,20181204,456.0,794,,787,686,676.0,3399.0
338,20181205,505.0,830,,763,758,712.0,3568.0
339,20181206,563.0,995,,798,746,785.0,3887.0
340,20181207,821.0,1224,,985,981,1048.0,5059.0
341,20181208,1437.0,1266,,817,1062,781.0,5363.0
342,20181209,1009.0,980,,614,806,630.0,4039.0
343,20181210,512.0,835,,843,556,720.0,3466.0
344,20181211,523.0,750,,777,687,673.0,3410.0
345,20181212,609.0,813,,898,729,880.0,3929.0
346,20181213,506.0,810,,783,676,673.0,3448.0
347,20181214,784.0,1129,,950,1052,942.0,4857.0
348,20181215,1424.0,1368,,978,1090,936.0,5796.0
349,20181216,1076.0,911,,646,924,577.0,4134.0
350,20181217,576.0,762,,1015,648,704.0,3705.0
351,20181218,589.0,821,,1048,775,853.0,4086.0
352,20181219,600.0,853,,760,805,672.0,3690.0
353,20181220,779.0,989,,911,934,955.0,4568.0
354,20181221,1052.0,1158,,1058,1061,1071.0,5400.0
355,20181222,1387.0,1341,,1016,1036,936.0,5716.0
356,20181223,1304.0,951,,623,841,715.0,4434.0
357,20181224,558.0,298,,760,364,204.0,2184.0
358,20181225,254.0,488,,0,324,261.0,1327.0
359,20181226,967.0,898,,0,742,533.0,3140.0
360,20181227,840.0,870,,716,745,549.0,3720.0
361,20181228,993.0,1128,,744,890,734.0,4489.0
362,20181229,1319.0,1178,,834,1046,700.0,5077.0
363,20181230,1091.0,942,,652,770,550.0,4005.0
364,20181231,337.0,315,,546,353,173.0,1724.0
365,20190101,726.0,1134,,0,723,602.0,3185.0
366,20190102,760.0,819,,756,743,549.0,3627.0
367,20190103,793.0,903,,636,771,559.0,3662.0
368,20190104,867.0,1094,,678,913,763.0,4315.0
369,20190105,1489.0,1313,,809,1041,741.0,5393.0
370,20190106,1030.0,895,,567,804,589.0,3885.0
371,20190107,390.0,652,,678,590,508.0,2818.0
372,20190108,354.0,594,,649,587,530.0,2714.0
373,20190109,445.0,715,,684,683,575.0,3102.0
374,20190110,436.0,793,,742,734,648.0,3353.0
375,20190111,792.0,1142,,759,941,931.0,4565.0
376,20190112,1408.0,1313,,882,1166,850.0,5619.0
377,20190113,1126.0,961,,561,878,706.0,4232.0
378,20190114,433.0,720,,801,632,541.0,3127.0
379,20190115,453.0,811,,729,674,609.0,3276.0
380,20190116,469.0,794,,708,672,647.0,3290.0
381,20190117,461.0,833,,743,767,635.0,3439.0
382,20190118,764.0,1231,,821,957,976.0,4749.0
383,20190119,1140.0,1299,,953,1140,902.0,5434.0
384,20190120,1030.0,926,,635,904,664.0,4159.0
385,20190121,412.0,656,,853,663,535.0,3119.0
386,20190122,417.0,676,,751,575,623.0,3042.0
387,20190123,261.0,677,,722,614,558.0,2832.0
388,20190124,493.0,914,,798,747,779.0,3731.0
389,20190125,814.0,1141,,880,909,863.0,4607.0
390,20190126,1355.0,1322,,932,1196,918.0,5723.0
391,20190127,1043.0,873,,616,840,615.0,3987.0
392,20190128,460.0,708,,752,626,651.0,3197.0
393,20190129,423.0,678,,721,648,663.0,3133.0
394,20190130,353.0,679,,675,562,537.0,2806.0
395,20190131,364.0,700,,708,656,565.0,2993.0
396,20190201,555.0,1032,,762,735,687.0,3771.0
397,20190202,1199.0,1322,,893,1155,899.0,5468.0
398,20190203,1091.0,967,,518,1027,698.0,4301.0
399,20190204,457.0,709,,767,720,601.0,3254.0
400,20190205,443.0,686,,753,667,680.0,3229.0
401,20190206,498.0,734,,717,744,671.0,3364.0
402,20190207,383.0,753,,706,743,596.0,3181.0
403,20190208,688.0,1197,,803,473,930.0,4091.0
404,20190209,1288.0,1205,,849,1195,847.0,5384.0
405,20190210,1003.0,901,,543,940,627.0,4014.0
406,20190211,476.0,740,,813,640,618.0,3287.0
407,20190212,484.0,720,,794,678,626.0,3302.0
408,20190213,534.0,819,,805,673,622.0,3453.0
409,20190214,618.0,947,,864,857,783.0,4069.0
410,20190215,796.0,1187,,856,942,983.0,4764.0
411,20190216,1322.0,1283,,906,1091,883.0,5485.0
412,20190217,1041.0,1015,,634,991,720.0,4401.0
413,20190218,451.0,747,,779,671,685.0,3333.0
414,20190219,451.0,751,,750,669,681.0,3302.0
415,20190220,463.0,791,,802,849,651.0,3556.0
416,20190221,576.0,887,,743,878,787.0,3871.0
417,20190222,803.0,1195,,832,996,1003.0,4829.0
418,20190223,1239.0,1321,,973,1131,815.0,5479.0
419,20190224,998.0,996,,648,887,756.0,4285.0
420,20190225,483.0,728,,831,750,724.0,3516.0
421,20190226,500.0,722,,831,717,777.0,3547.0
422,20190227,548.0,776,,929,874,763.0,3890.0
423,20190228,590.0,861,,845,886,821.0,4003.0
424,20190301,826.0,1279,,1015,1016,1090.0,5226.0
425,20190302,1404.0,1285,,1097,1246,1024.0,6056.0
426,20190303,697.0,953,,706,971,789.0,4116.0
427,20190304,667.0,722,,823,753,596.0,3561.0
428,20190305,580.0,768,,743,854,633.0,3578.0
429,20190306,534.0,732,,740,685,734.0,3425.0
430,20190307,467.0,822,,715,745,713.0,3462.0
431,20190308,794.0,1185,,772,1064,959.0,4774.0
432,20190309,1319.0,1313,,824,1235,819.0,5510.0
433,20190310,993.0,1008,,669,963,676.0,4309.0
434,20190311,452.0,660,,844,617,714.0,3287.0
435,20190312,461.0,721,,732,663,751.0,3328.0
436,20190313,510.0,756,,779,756,673.0,3474.0
437,20190314,522.0,811,,749,712,685.0,3479.0
438,20190315,720.0,1164,,986,1023,1122.0,5015.0
439,20190316,1364.0,1379,,914,1055,1046.0,5758.0
440,20190317,1111.0,1098,,610,1057,616.0,4492.0
441,20190318,541.0,774,,763,665,653.0,3396.0
442,20190319,518.0,745,,800,699,787.0,3549.0
443,20190320,457.0,824,,796,746,730.0,3553.0
444,20190321,545.0,818,,773,801,711.0,3648.0
445,20190322,830.0,1124,,866,1026,888.0,4734.0
446,20190323,1272.0,1294,,927,1133,895.0,5521.0
447,20190324,990.0,963,,678,1080,755.0,4466.0
448,20190325,426.0,700,,770,726,644.0,3266.0
449,20190326,487.0,683,,751,722,713.0,3356.0
450,20190327,516.0,765,,743,754,650.0,3428.0
451,20190328,830.0,969,,840,854,812.0,4305.0
452,20190329,742.0,1141,,857,1013,967.0,4720.0
453,20190330,1285.0,1320,,907,1243,850.0,5605.0
454,20190331,974.0,995,,719,970,703.0,4361.0
455,20190401,556.0,764,,829,710,612.0,3471.0
456,20190402,494.0,736,,778,707,715.0,3430.0
457,20190403,509.0,814,,740,780,661.0,3504.0
458,20190404,514.0,847,,742,717,691.0,3511.0
459,20190405,865.0,1236,,859,952,940.0,4852.0
460,20190406,1275.0,1309,,959,1184,971.0,5698.0
461,20190407,1246.0,1096,,663,940,734.0,4679.0
462,20190408,491.0,734,,788,623,611.0,3247.0
463,20190409,506.0,793,,811,697,655.0,3462.0
464,20190410,472.0,777,,785,635,648.0,3317.0
465,20190411,556.0,850,,801,811,705.0,3723.0
466,20190412,891.0,1174,,893,978,950.0,4886.0
467,20190413,1301.0,1387,,961,1157,1003.0,5809.0
468,20190414,1164.0,1005,,617,865,671.0,4322.0
469,20190415,530.0,779,,849,699,693.0,3550.0
470,20190416,531.0,770,,803,755,693.0,3552.0
471,20190417,710.0,937,,1024,897,883.0,4451.0
472,20190418,911.0,1141,,944,1053,979.0,5028.0
473,20190419,900.0,1181,,842,1054,829.0,4806.0
474,20190420,1338.0,1248,,1001,1171,792.0,5550.0
475,20190421,290.0,564,,0,514,337.0,1705.0
476,20190422,738.0,941,,0,849,584.0,3112.0
477,20190423,867.0,892,,726,760,641.0,3886.0
478,20190424,969.0,1023,,727,912,720.0,4351.0
479,20190425,1153.0,1020,,621,877,700.0,4371.0
480,20190426,1027.0,1157,,780,940,805.0,4709.0
481,20190427,1302.0,1314,,845,1103,898.0,5462.0
482,20190428,1302.0,990,,661,954,642.0,4549.0
483,20190429,587.0,764,,725,770,692.0,3538.0
484,20190430,795.0,996,,882,910,873.0,4456.0
485,20190501,799.0,970,,700,842,690.0,4001.0
486,20190502,457.0,773,,734,712,681.0,3357.0
487,20190503,891.0,1185,,824,878,981.0,4759.0
488,20190504,1119.0,1360,,911,1224,923.0,5537.0
489,20190505,1297.0,958,,614,844,681.0,4394.0
490,20190506,482.0,845,,690,701,719.0,3437.0
491,20190507,463.0,807,,673,660,682.0,3285.0
492,20190508,524.0,803,,642,715,729.0,3413.0
493,20190509,550.0,828,,717,713,778.0,3586.0
494,20190510,844.0,1221,,745,1091,919.0,4820.0
495,20190511,1283.0,1150,,927,1265,797.0,5422.0
496,20190512,1043.0,976,,778,977,612.0,4386.0
497,20190513,514.0,757,,708,726,628.0,3333.0
498,20190514,515.0,794,,663,761,703.0,3436.0
499,20190515,602.0,867,,701,736,712.0,3618.0
500,20190516,709.0,1044,,848,978,990.0,4569.0
501,20190517,843.0,1228,,753,1077,1035.0,4936.0
502,20190518,1349.0,1364,,842,1248,881.0,5684.0
503,20190519,1135.0,1036,,608,851,581.0,4211.0
504,20190520,459.0,776,,720,677,655.0,3287.0
505,20190521,477.0,817,,776,794,749.0,3613.0
506,20190522,551.0,806,,630,698,737.0,3422.0
507,20190523,626.0,922,,799,812,758.0,3917.0
508,20190524,787.0,1222,,779,1040,1072.0,4900.0
509,20190525,1129.0,1402,,847,1258,845.0,5481.0
510,20190526,1021.0,1087,,611,914,651.0,4284.0
511,20190527,633.0,829,,767,857,721.0,3807.0
512,20190528,539.0,733,,694,775,641.0,3382.0
513,20190529,577.0,757,,743,903,827.0,3807.0
514,20190530,569.0,838,,814,847,960.0,4028.0
515,20190531,735.0,1226,,869,1145,1053.0,5028.0
516,20190601,1130.0,1327,,993,1268,1095.0,5813.0
517,20190602,906.0,998,,669,874,949.0,4396.0
518,20190603,481.0,723,,818,731,630.0,3383.0
519,20190604,495.0,771,,845,753,742.0,3606.0
520,20190605,533.0,805,,764,723,835.0,3660.0
521,20190606,540.0,823,,779,718,798.0,3658.0
522,20190607,754.0,1279,,1053,1193,1109.0,5388.0
523,20190608,1049.0,1285,,809,1164,900.0,5207.0
524,20190609,1037.0,776,,676,950,753.0,4192.0
525,20190610,533.0,819,,704,788,671.0,3515.0
526,20190611,551.0,803,,777,749,728.0,3608.0
527,20190612,499.0,857,,790,791,780.0,3717.0
528,20190613,555.0,819,,733,814,734.0,3655.0
529,20190614,779.0,1112,,706,1004,947.0,4548.0
530,20190615,1001.0,1295,,810,1119,911.0,5136.0
531,20190616,921.0,935,,716,995,691.0,4258.0
532,20190617,535.0,839,,791,577,735.0,3477.0
533,20190618,484.0,804,,765,718,649.0,3420.0
534,20190619,506.0,847,,797,841,742.0,3733.0
535,20190620,596.0,972,,817,967,813.0,4165.0
536,20190621,742.0,1175,,818,1033,835.0,4603.0
537,20190622,1146.0,1289,,789,1018,797.0,5039.0
538,20190623,842.0,915,,692,910,693.0,4052.0
539,20190624,515.0,749,,781,797,588.0,3430.0
540,20190625,556.0,717,,749,770,629.0,3421.0
541,20190626,567.0,749,,754,903,647.0,3620.0
542,20190627,593.0,865,,835,849,646.0,3788.0
543,20190628,775.0,1114,,817,975,682.0,4363.0
544,20190629,921.0,1105,,861,1123,834.0,4844.0
545,20190630,1049.0,1127,,778,1113,960.0,5027.0
546,20190701,594.0,896,,780,874,812.0,3956.0
547,20190702,619.0,887,,639,797,852.0,3794.0
548,20190703,646.0,942,,709,881,754.0,3932.0
549,20190704,585.0,875,,681,882,749.0,3772.0
550,20190705,844.0,1091,,848,1034,854.0,4671.0
551,20190706,1240.0,1215,,928,1194,793.0,5370.0
552,20190707,1099.0,918,,690,1090,650.0,4447.0
553,20190708,624.0,865,,756,782,707.0,3734.0
554,20190709,683.0,867,,658,794,658.0,3660.0
555,20190710,872.0,1047,,806,998,840.0,4563.0
556,20190711,695.0,935,,738,874,800.0,4042.0
557,20190712,889.0,1136,,752,1058,823.0,4658.0
558,20190713,1294.0,1240,,888,1176,953.0,5551.0
559,20190714,1167.0,999,,650,929,645.0,4390.0
560,20190715,811.0,885,,725,781,675.0,3877.0
561,20190716,558.0,840,,749,754,617.0,3518.0
562,20190717,597.0,881,,733,862,680.0,3753.0
563,20190718,659.0,906,,771,918,810.0,4064.0
564,20190719,773.0,1111,,782,1009,829.0,4504.0
565,20190720,1128.0,1149,,929,1246,790.0,5242.0
566,20190721,979.0,992,,736,928,732.0,4367.0
567,20190722,645.0,835,,745,780,710.0,3715.0
568,20190723,568.0,749,,732,868,635.0,3552.0
569,20190724,616.0,873,,696,871,655.0,3711.0
570,20190725,596.0,826,,740,847,736.0,3745.0
571,20190726,783.0,1140,,831,1126,990.0,4870.0
572,20190727,1221.0,1142,,814,1281,908.0,5366.0
573,20190728,1263.0,1019,,640,972,733.0,4627.0
574,20190729,628.0,793,,750,876,688.0,3735.0
575,20190730,580.0,858,,726,819,680.0,3663.0
576,20190731,621.0,874,,659,891,757.0,3802.0
577,20190801,656.0,868,,659,853,698.0,3734.0
578,20190802,764.0,1146,,682,999,841.0,4432.0
579,20190803,1012.0,1077,,823,1109,754.0,4775.0
580,20190804,946.0,825,,684,932,612.0,3999.0
581,20190805,633.0,771,,649,743,623.0,3419.0
582,20190806,600.0,735,,636,765,616.0,3352.0
583,20190807,628.0,770,,697,771,629.0,3495.0
584,20190808,670.0,808,,606,801,690.0,3575.0
585,20190809,675.0,1050,,743,948,708.0,4124.0
586,20190810,990.0,966,,820,962,644.0,4382.0
587,20190811,882.0,800,,656,793,596.0,3727.0
588,20190812,648.0,791,,693,773,560.0,3465.0
589,20190813,669.0,765,,689,734,637.0,3494.0
590,20190814,667.0,816,,738,840,582.0,3643.0
591,20190815,254.0,666,,0,665,328.0,1913.0
592,20190816,668.0,959,,793,881,637.0,3938.0
593,20190817,973.0,967,,824,982,637.0,4383.0
594,20190818,843.0,773,,618,782,649.0,3665.0
595,20190819,683.0,781,,766,778,605.0,3613.0
596,20190820,591.0,801,,706,785,602.0,3485.0
597,20190821,700.0,869,,718,842,640.0,3769.0
598,20190822,679.0,843,,681,826,557.0,3586.0
599,20190823,826.0,960,,669,782,768.0,4005.0
600,20190824,1218.0,1255,,797,1079,742.0,5091.0
601,20190825,1012.0,890,,744,843,646.0,4135.0
602,20190826,596.0,797,,716,729,694.0,3532.0
603,20190827,600.0,864,,642,756,785.0,3647.0
604,20190828,833.0,891,,718,898,836.0,4176.0
605,20190829,691.0,830,,709,865,713.0,3808.0
606,20190830,844.0,1141,,747,1127,969.0,4828.0
607,20190831,949.0,1234,,841,1121,832.0,4977.0
608,20190901,1128.0,985,,671,1100,861.0,4745.0
609,20190902,600.0,914,,822,835,763.0,3934.0
610,20190903,681.0,848,,803,872,764.0,3968.0
611,20190904,732.0,730,,771,854,694.0,3781.0
612,20190905,773.0,926,,847,857,705.0,4108.0
613,20190906,1047.0,1238,,712,1100,811.0,4908.0
614,20190907,1273.0,1280,,911,1150,875.0,5489.0
615,20190908,1092.0,968,,631,1067,814.0,4572.0
616,20190909,716.0,903,,733,761,978.0,4091.0
617,20190910,687.0,932,,738,858,830.0,4045.0
618,20190911,670.0,958,,832,841,839.0,4140.0
619,20190912,608.0,950,,820,874,1036.0,4288.0
620,20190913,878.0,1205,,899,1125,1187.0,5294.0
621,20190914,1230.0,1329,,959,1326,998.0,5842.0
622,20190915,1104.0,1122,,740,909,680.0,4555.0
623,20190916,492.0,926,,979,780,799.0,3976.0
624,20190917,580.0,810,,900,741,858.0,3889.0
625,20190918,610.0,786,,840,754,795.0,3785.0
626,20190919,728.0,1003,,875,897,1004.0,4507.0
627,20190920,864.0,1218,,948,1159,1060.0,5249.0
628,20190921,1202.0,1381,,951,1124,960.0,5618.0
629,20190922,1037.0,1005,,655,1082,775.0,4554.0
630,20190923,484.0,837,,798,690,705.0,3514.0
631,20190924,473.0,799,,836,693,713.0,3514.0
632,20190925,494.0,865,,794,781,778.0,3712.0
633,20190926,493.0,899,,764,756,815.0,3727.0
634,20190927,806.0,1280,,1175,1119,1205.0,5585.0
635,20190928,1186.0,1438,,927,1268,986.0,5805.0
636,20190929,1071.0,1012,,745,912,756.0,4496.0
637,20190930,447.0,777,,782,797,669.0,3472.0
638,20191001,457.0,771,,818,727,669.0,3442.0
639,20191002,461.0,812,,821,800,793.0,3687.0
640,20191003,511.0,792,,769,777,876.0,3725.0
641,20191004,731.0,1240,,913,991,1207.0,5082.0
642,20191005,1174.0,1336,,956,1335,925.0,5726.0
643,20191006,1075.0,966,,644,990,707.0,4382.0
644,20191007,471.0,742,,724,675,643.0,3255.0
645,20191008,467.0,776,,724,692,680.0,3339.0
646,20191009,520.0,749,,725,794,651.0,3439.0
647,20191010,532.0,836,,763,778,646.0,3555.0
648,20191011,832.0,1200,,868,1028,1098.0,5026.0
649,20191012,1312.0,1407,,926,1292,1012.0,5949.0
650,20191013,1101.0,1105,,660,876,801.0,4543.0
651,20191014,471.0,784,,793,643,655.0,3346.0
652,20191015,572.0,788,,746,772,739.0,3617.0
653,20191016,571.0,906,,757,801,758.0,3793.0
654,20191017,533.0,878,,772,764,756.0,3703.0
655,20191018,843.0,1245,,820,1008,1035.0,4951.0
656,20191019,1319.0,1431,,948,1285,1050.0,6033.0
657,20191020,1235.0,1088,,722,919,652.0,4616.0
658,20191021,398.0,816,,764,663,564.0,3205.0
659,20191022,546.0,720,,817,725,598.0,3406.0
660,20191023,524.0,818,,700,823,733.0,3598.0
661,20191024,524.0,828,,689,705,716.0,3462.0
662,20191025,876.0,1364,,796,1048,1039.0,5123.0
663,20191026,1401.0,1489,,871,1238,1076.0,6075.0
664,20191027,1153.0,1056,,677,1108,838.0,4832.0
665,20191028,512.0,767,,825,691,683.0,3478.0
666,20191029,502.0,859,,731,669,684.0,3445.0
667,20191030,570.0,859,,866,782,786.0,3863.0
668,20191031,1077.0,1421,,906,1151,1004.0,5559.0
669,20191101,1027.0,1387,0.0,724,1035,910.0,5083.0
670,20191102,1339.0,1369,0.0,807,1129,961.0,5605.0
671,20191103,1209.0,950,0.0,581,806,799.0,4345.0
672,20191104,511.0,696,0.0,755,692,657.0,3311.0
673,20191105,518.0,813,0.0,661,863,811.0,3666.0
674,20191106,505.0,814,0.0,744,710,714.0,3487.0
675,20191107,532.0,910,0.0,755,769,694.0,3660.0
676,20191108,841.0,1094,1174.0,769,1013,1139.0,6030.0
677,20191109,1349.0,1043,1406.0,879,1196,965.0,6838.0
678,20191110,1260.0,874,1086.0,605,897,700.0,5422.0
679,20191111,456.0,657,723.0,741,617,667.0,3861.0
680,20191112,499.0,683,806.0,706,692,752.0,4138.0
681,20191113,531.0,766,743.0,821,750,741.0,4352.0
682,20191114,512.0,732,785.0,757,723,697.0,4206.0
683,20191115,807.0,1034,1115.0,816,1050,1184.0,6006.0
684,20191116,1274.0,1229,1234.0,862,1083,955.0,6637.0
685,20191117,1300.0,934,1135.0,619,1002,707.0,5697.0
686,20191118,510.0,594,626.0,796,734,765.0,4025.0
687,20191119,502.0,610,694.0,819,774,750.0,4149.0
688,20191120,579.0,687,884.0,855,843,955.0,4803.0
689,20191121,603.0,724,866.0,871,867,871.0,4802.0
690,20191122,864.0,968,1234.0,868,1192,1185.0,6311.0
691,20191123,1367.0,1213,1409.0,912,1192,1078.0,7171.0
692,20191124,1277.0,830,1056.0,712,997,759.0,5631.0
693,20191125,494.0,652,628.0,800,631,581.0,3786.0
694,20191126,473.0,655,744.0,754,694,727.0,4047.0
695,20191127,556.0,744,735.0,657,727,676.0,4095.0
696,20191128,534.0,751,777.0,771,757,784.0,4374.0
697,20191129,948.0,1003,1179.0,872,1021,1011.0,6034.0
698,20191130,412.0,1172,1344.0,931,1203,1038.0,6100.0
699,20191201,1258.0,825,942.0,610,974,672.0,5281.0
700,20191202,542.0,600,666.0,719,641,677.0,3845.0
701,20191203,527.0,614,694.0,707,685,708.0,3935.0
702,20191204,568.0,747,643.0,746,712,680.0,4096.0
703,20191205,550.0,690,682.0,700,721,695.0,4038.0
704,20191206,859.0,972,1118.0,860,1079,1046.0,5934.0
705,20191207,1250.0,1113,1222.0,910,1134,930.0,6559.0
706,20191208,1297.0,798,939.0,649,909,703.0,5295.0
707,20191209,597.0,670,609.0,717,663,637.0,3893.0
708,20191210,703.0,887,871.0,811,898,940.0,5110.0
709,20191211,620.0,760,716.0,695,819,767.0,4377.0
710,20191212,702.0,795,735.0,812,851,999.0,4894.0
711,20191213,850.0,1093,1103.0,840,1008,1146.0,6040.0
712,20191214,1457.0,1166,1303.0,894,1172,1032.0,7024.0
713,20191215,1260.0,835,935.0,628,990,724.0,5372.0
714,20191216,577.0,668,770.0,806,754,753.0,4328.0
715,20191217,620.0,857,861.0,791,887,917.0,4933.0
716,20191218,674.0,720,766.0,751,856,848.0,4615.0
717,20191219,808.0,852,863.0,854,983,981.0,5341.0
718,20191220,1005.0,1004,1103.0,1060,1200,1229.0,6601.0
719,20191221,1611.0,1159,1195.0,952,1166,996.0,7079.0
720,20191222,1496.0,831,962.0,669,1070,831.0,5859.0
721,20191223,951.0,850,898.0,804,842,840.0,5185.0
722,20191224,554.0,323,368.0,765,323,297.0,2630.0
723,20191225,340.0,491,430.0,0,279,297.0,1837.0
724,20191226,976.0,930,953.0,0,812,656.0,4327.0
725,20191227,1104.0,1001,942.0,718,1010,822.0,5597.0
726,20191228,1521.0,1013,1071.0,797,1093,898.0,6393.0
727,20191229,1219.0,849,863.0,593,940,684.0,5148.0
728,20191230,894.0,816,841.0,786,867,770.0,4974.0
729,20191231,361.0,235,355.0,591,374,270.0,2186.0
730,20200101,1056.0,1065,961.0,0,835,810.0,4727.0
731,20200102,969.0,872,867.0,803,792,798.0,5101.0
732,20200103,945.0,957,936.0,667,948,808.0,5261.0
733,20200104,1485.0,1101,1093.0,718,1102,802.0,6301.0
734,20200105,1411.0,886,853.0,596,966,731.0,5443.0
735,20200106,765.0,777,643.0,637,738,598.0,4158.0
736,20200107,465.0,564,534.0,678,576,638.0,3455.0
737,20200108,448.0,622,551.0,659,651,641.0,3572.0
738,20200109,466.0,627,615.0,746,664,1078.0,4196.0
739,20200110,801.0,955,1023.0,779,998,1055.0,5611.0
740,20200111,1364.0,1240,1219.0,907,1222,1055.0,7007.0
741,20200112,1169.0,822,920.0,616,952,726.0,5205.0
742,20200113,435.0,632,596.0,709,626,661.0,3659.0
743,20200114,473.0,648,617.0,716,723,772.0,3949.0
744,20200115,492.0,671,635.0,707,771,814.0,4090.0
745,20200116,539.0,768,727.0,724,737,803.0,4298.0
746,20200117,779.0,1104,962.0,817,1083,1021.0,5766.0
747,20200118,1191.0,1140,1143.0,874,1126,947.0,6421.0
748,20200119,1237.0,814,856.0,608,1019,763.0,5297.0
749,20200120,458.0,674,600.0,785,694,749.0,3960.0
750,20200121,440.0,676,589.0,789,668,749.0,3911.0
751,20200122,519.0,739,618.0,736,762,789.0,4163.0
752,20200123,590.0,815,822.0,729,859,973.0,4788.0
753,20200124,741.0,987,992.0,832,999,1102.0,5653.0
754,20200125,1461.0,1182,1167.0,920,1288,955.0,6973.0
755,20200126,1148.0,882,776.0,670,974,795.0,5245.0
756,20200127,443.0,680,604.0,728,683,755.0,3893.0
757,20200128,476.0,653,639.0,727,695,665.0,3855.0
758,20200129,507.0,648,674.0,729,782,886.0,4226.0
759,20200130,522.0,702,638.0,790,791,869.0,4312.0
760,20200131,838.0,1069,1007.0,849,1073,1213.0,6049.0
761,20200201,1395.0,1113,1209.0,923,1278,1007.0,6925.0
762,20200202,1291.0,819,944.0,588,931,838.0,5411.0
763,20200203,475.0,632,580.0,735,654,794.0,3870.0
764,20200204,491.0,615,614.0,736,680,642.0,3778.0
765,20200205,548.0,534,685.0,712,789,785.0,4053.0
766,20200206,517.0,697,736.0,704,842,927.0,4423.0
767,20200207,761.0,1116,990.0,788,1026,1130.0,5811.0
768,20200208,1303.0,1115,1081.0,892,1149,1014.0,6554.0
769,20200209,1170.0,900,866.0,578,1034,828.0,5376.0
770,20200210,463.0,627,618.0,821,678,730.0,3937.0
771,20200211,495.0,869,645.0,780,734,772.0,4295.0
772,20200212,560.0,735,599.0,741,752,828.0,4215.0
773,20200213,540.0,757,756.0,809,799,836.0,4497.0
774,20200214,966.0,1096,1136.0,960,1219,1247.0,6624.0
775,20200215,1264.0,1196,1213.0,892,1180,1001.0,6746.0
776,20200216,1205.0,873,935.0,685,1029,776.0,5503.0
777,20200217,524.0,702,674.0,769,637,729.0,4035.0
778,20200218,450.0,643,708.0,781,777,792.0,4151.0
779,20200219,492.0,764,640.0,800,756,764.0,4216.0
780,20200220,549.0,798,809.0,847,869,861.0,4733.0
781,20200221,779.0,934,854.0,814,1034,1102.0,5517.0
782,20200222,1086.0,768,766.0,609,944,898.0,5071.0
783,20200223,691.0,517,459.0,430,660,654.0,3411.0
784,20200224,323.0,477,402.0,342,536,341.0,2421.0
785,20200225,257.0,455,464.0,310,498,526.0,2510.0
786,20200226,305.0,527,464.0,394,551,587.0,2828.0
787,20200227,357.0,625,566.0,671,598,714.0,3531.0
788,20200228,496.0,798,691.0,462,817,782.0,4046.0
789,20200229,605.0,896,745.0,533,1000,969.0,4748.0
790,20200301,514.0,772,663.0,670,810,809.0,4238.0
791,20200302,402.0,527,518.0,457,685,641.0,3230.0
792,20200303,445.0,591,554.0,502,782,861.0,3735.0
793,20200304,448.0,649,517.0,489,718,790.0,3611.0
794,20200305,461.0,651,545.0,417,765,795.0,3634.0
795,20200306,493.0,812,719.0,485,877,1023.0,4409.0
796,20200307,557.0,873,811.0,515,882,929.0,4567.0
797,20200308,232.0,205,179.0,315,441,397.0,1769.0
798,20200309,184.0,206,216.0,233,255,246.0,1340.0
799,20200310,142.0,152,174.0,235,251,230.0,1184.0
800,20200311,135.0,132,152.0,225,251,187.0,1082.0
801,20200312,0.0,0,0.0,0,0,0.0,0.0
802,20200313,0.0,0,0.0,0,0,0.0,0.0
803,20200314,0.0,0,0.0,0,0,0.0,0.0
804,20200315,0.0,0,0.0,0,0,0.0,0.0
805,20200316,0.0,0,0.0,0,0,0.0,0.0
806,20200317,0.0,0,0.0,0,0,0.0,0.0
807,20200318,0.0,0,0.0,0,0,0.0,0.0
808,20200319,0.0,0,0.0,0,0,0.0,0.0
809,20200320,0.0,0,0.0,0,0,0.0,0.0
810,20200321,0.0,0,0.0,0,0,0.0,0.0
811,20200322,0.0,0,0.0,0,0,0.0,0.0
812,20200323,0.0,0,0.0,0,0,0.0,0.0
813,20200324,0.0,0,0.0,0,0,0.0,0.0
814,20200325,0.0,0,0.0,0,0,0.0,0.0
815,20200326,0.0,0,0.0,0,0,0.0,0.0
816,20200327,0.0,0,0.0,0,0,0.0,0.0
817,20200328,0.0,0,0.0,0,0,0.0,0.0
818,20200329,0.0,0,0.0,0,0,0.0,0.0
819,20200330,0.0,0,0.0,0,0,0.0,0.0
820,20200331,0.0,0,0.0,0,0,0.0,0.0
821,20200401,0.0,0,0.0,0,0,0.0,0.0
822,20200402,0.0,0,0.0,0,0,0.0,0.0
823,20200403,0.0,0,0.0,0,0,0.0,0.0
824,20200404,0.0,0,0.0,0,0,0.0,0.0
825,20200405,0.0,0,0.0,0,0,0.0,0.0
826,20200406,0.0,0,0.0,0,0,0.0,0.0
827,20200407,0.0,0,0.0,0,0,0.0,0.0
828,20200408,0.0,0,0.0,0,0,0.0,0.0
829,20200409,0.0,0,0.0,0,0,0.0,0.0
830,20200410,0.0,0,0.0,0,0,0.0,0.0
831,20200411,0.0,0,0.0,0,0,0.0,0.0
832,20200412,0.0,0,0.0,0,0,0.0,0.0
833,20200413,0.0,0,0.0,0,0,0.0,0.0
834,20200414,0.0,0,0.0,0,0,0.0,0.0
835,20200415,0.0,0,0.0,0,0,0.0,0.0
836,20200416,0.0,0,0.0,0,0,0.0,0.0
837,20200417,0.0,0,0.0,0,0,0.0,0.0
838,20200418,0.0,0,0.0,0,0,0.0,0.0
839,20200419,0.0,0,0.0,0,0,0.0,0.0
840,20200420,0.0,0,0.0,0,0,0.0,0.0
841,20200421,0.0,0,0.0,0,0,0.0,0.0
842,20200422,0.0,0,0.0,0,0,0.0,0.0
843,20200423,0.0,0,0.0,0,0,0.0,0.0
844,20200424,0.0,0,0.0,0,0,0.0,0.0
845,20200425,0.0,0,0.0,0,0,0.0,0.0
846,20200426,0.0,0,0.0,0,0,0.0,0.0
847,20200427,0.0,0,0.0,0,0,0.0,0.0
848,20200428,0.0,0,0.0,0,0,0.0,0.0
849,20200429,0.0,0,0.0,0,0,0.0,0.0
850,20200430,0.0,0,0.0,0,0,0.0,0.0
851,20200501,0.0,0,0.0,0,0,0.0,0.0
852,20200502,0.0,0,0.0,0,0,0.0,0.0
853,20200503,0.0,0,0.0,0,0,0.0,0.0
854,20200504,0.0,252,0.0,0,211,231.0,694.0
855,20200505,0.0,356,0.0,0,279,335.0,970.0
856,20200506,0.0,392,0.0,0,280,231.0,903.0
857,20200507,181.0,372,202.0,0,286,284.0,1325.0
858,20200508,239.0,373,254.0,0,322,290.0,1478.0
859,20200509,296.0,383,246.0,0,280,336.0,1541.0
860,20200510,209.0,423,214.0,0,249,255.0,1350.0
861,20200511,237.0,430,212.0,0,261,272.0,1412.0
862,20200512,200.0,396,227.0,0,270,278.0,1371.0
863,20200513,228.0,415,251.0,0,259,278.0,1431.0
864,20200514,241.0,397,254.0,0,261,269.0,1422.0
865,20200515,290.0,488,296.0,0,326,286.0,1686.0
866,20200516,315.0,455,280.0,0,350,337.0,1737.0
867,20200517,273.0,459,257.0,0,268,317.0,1574.0
868,20200518,285.0,460,363.0,0,432,302.0,1842.0
869,20200519,311.0,523,338.0,0,418,287.0,1877.0
870,20200520,297.0,523,344.0,0,443,305.0,1912.0
871,20200521,323.0,527,343.0,0,410,291.0,1894.0
872,20200522,287.0,613,363.0,0,480,324.0,2067.0
873,20200523,458.0,666,489.0,0,505,315.0,2433.0
874,20200524,457.0,544,403.0,0,527,345.0,2276.0
875,20200525,326.0,527,332.0,0,431,301.0,1917.0
876,20200526,321.0,520,355.0,0,456,330.0,1982.0
877,20200527,307.0,552,369.0,0,440,348.0,2016.0
878,20200528,329.0,598,408.0,0,454,352.0,2141.0
879,20200529,367.0,682,448.0,0,476,465.0,2438.0
880,20200530,497.0,726,546.0,0,590,456.0,2815.0
881,20200531,490.0,635,488.0,0,214,442.0,2269.0
882,20200601,420.0,588,440.0,0,531,382.0,2361.0
883,20200602,376.0,625,478.0,0,470,409.0,2358.0
884,20200603,357.0,564,374.0,339,463,417.0,2514.0
885,20200604,371.0,577,458.0,310,519,368.0,2603.0
886,20200605,384.0,692,478.0,393,625,522.0,3094.0
887,20200606,568.0,766,579.0,473,657,520.0,3563.0
888,20200607,571.0,668,516.0,344,556,467.0,3122.0
889,20200608,376.0,564,475.0,386,525,378.0,2704.0
890,20200609,355.0,610,407.0,367,495,453.0,2687.0
891,20200610,384.0,633,501.0,395,544,452.0,2909.0
892,20200611,427.0,646,474.0,375,565,487.0,2974.0
893,20200612,430.0,649,512.0,406,673,504.0,3174.0
894,20200613,525.0,749,589.0,533,761,530.0,3687.0
895,20200614,477.0,667,499.0,368,673,517.0,3201.0
896,20200615,364.0,598,431.0,370,556,478.0,2797.0
897,20200616,350.0,575,432.0,411,592,430.0,2790.0
898,20200617,374.0,631,488.0,372,538,477.0,2880.0
899,20200618,371.0,619,486.0,378,591,517.0,2962.0
900,20200619,424.0,676,548.0,420,656,568.0,3292.0
901,20200620,485.0,681,434.0,530,707,580.0,3417.0
902,20200621,467.0,631,478.0,402,594,484.0,3056.0
903,20200622,296.0,580,371.0,399,542,476.0,2664.0
904,20200623,347.0,561,408.0,397,525,471.0,2709.0
905,20200624,383.0,572,477.0,399,556,450.0,2837.0
906,20200625,412.0,608,501.0,426,557,494.0,2998.0
907,20200626,422.0,676,558.0,454,528,571.0,3209.0
908,20200627,501.0,707,547.0,549,710,488.0,3502.0
909,20200628,518.0,628,495.0,394,625,535.0,3195.0
910,20200629,379.0,574,416.0,406,524,438.0,2737.0
911,20200630,373.0,562,434.0,423,562,424.0,2778.0
912,20200701,398.0,578,453.0,420,662,462.0,2973.0
913,20200702,397.0,593,471.0,463,551,501.0,2976.0
914,20200703,434.0,735,593.0,439,638,459.0,3298.0
915,20200704,525.0,687,623.0,517,739,560.0,3651.0
916,20200705,465.0,604,488.0,410,637,488.0,3092.0
917,20200706,413.0,568,454.0,449,546,426.0,2856.0
918,20200707,379.0,607,482.0,436,591,458.0,2953.0
919,20200708,387.0,596,482.0,446,595,494.0,3000.0
920,20200709,338.0,619,490.0,402,607,595.0,3051.0
921,20200710,426.0,693,577.0,498,612,503.0,3309.0
922,20200711,565.0,727,600.0,604,743,553.0,3792.0
923,20200712,554.0,649,564.0,450,605,507.0,3329.0
924,20200713,386.0,652,453.0,535,591,507.0,3124.0
925,20200714,392.0,630,469.0,470,587,472.0,3020.0
926,20200715,422.0,680,528.0,487,653,495.0,3265.0
927,20200716,427.0,651,570.0,495,604,594.0,3341.0
928,20200717,432.0,703,588.0,521,682,489.0,3415.0
929,20200718,576.0,754,617.0,628,712,526.0,3813.0
930,20200719,511.0,635,590.0,435,553,509.0,3233.0
931,20200720,355.0,605,418.0,492,588,453.0,2911.0
932,20200721,393.0,555,453.0,538,614,483.0,3036.0
933,20200722,422.0,638,510.0,487,611,451.0,3119.0
934,20200723,400.0,653,508.0,470,591,557.0,3179.0
935,20200724,450.0,722,581.0,465,693,526.0,3437.0
936,20200725,579.0,726,600.0,629,734,550.0,3818.0
937,20200726,505.0,707,566.0,468,653,509.0,3408.0
938,20200727,389.0,579,444.0,533,544,422.0,2911.0
939,20200728,332.0,602,467.0,485,542,467.0,2895.0
940,20200729,394.0,571,475.0,459,630,442.0,2971.0
941,20200730,369.0,643,509.0,485,594,559.0,3159.0
942,20200731,444.0,711,584.0,526,654,507.0,3426.0
943,20200801,518.0,744,626.0,618,692,597.0,3795.0
944,20200802,629.0,706,588.0,494,637,490.0,3544.0
945,20200803,504.0,625,512.0,458,599,527.0,3225.0
946,20200804,493.0,645,478.0,463,648,492.0,3219.0
947,20200805,415.0,565,458.0,490,613,466.0,3007.0
948,20200806,416.0,628,540.0,482,659,522.0,3247.0
949,20200807,441.0,678,575.0,528,677,581.0,3480.0
950,20200808,547.0,675,550.0,558,734,553.0,3617.0
951,20200809,507.0,572,505.0,484,637,465.0,3170.0
952,20200810,409.0,611,545.0,521,609,476.0,3171.0
953,20200811,397.0,638,512.0,497,564,395.0,3003.0
954,20200812,416.0,558,390.0,548,595,482.0,2989.0
955,20200813,442.0,612,469.0,511,616,515.0,3165.0
956,20200814,477.0,617,597.0,610,718,575.0,3594.0
957,20200815,188.0,565,322.0,0,562,337.0,1974.0
958,20200816,528.0,723,566.0,0,641,504.0,2962.0
959,20200817,427.0,632,553.0,668,650,543.0,3473.0
960,20200818,427.0,625,530.0,545,587,495.0,3209.0
961,20200819,422.0,623,580.0,532,613,517.0,3287.0
962,20200820,420.0,617,530.0,539,669,493.0,3268.0
963,20200821,409.0,721,588.0,530,649,511.0,3408.0
964,20200822,557.0,772,640.0,592,751,575.0,3887.0
965,20200823,530.0,678,596.0,522,700,503.0,3529.0
966,20200824,436.0,675,541.0,517,626,570.0,3365.0
967,20200825,415.0,578,506.0,498,561,552.0,3110.0
968,20200826,413.0,631,571.0,531,592,514.0,3252.0
969,20200827,452.0,588,588.0,496,695,646.0,3465.0
970,20200828,515.0,767,700.0,525,707,656.0,3870.0
971,20200829,726.0,798,755.0,580,834,628.0,4321.0
972,20200830,693.0,832,708.0,521,736,614.0,4104.0
973,20200831,505.0,719,627.0,559,671,743.0,3824.0
974,20200901,461.0,754,608.0,527,666,647.0,3663.0
975,20200902,535.0,789,666.0,600,691,690.0,3971.0
976,20200903,504.0,672,633.0,515,1041,711.0,4076.0
977,20200904,562.0,862,778.0,579,826,730.0,4337.0
978,20200905,658.0,843,786.0,661,809,734.0,4491.0
979,20200906,658.0,789,695.0,544,687,654.0,4027.0
980,20200907,501.0,725,579.0,549,621,677.0,3652.0
981,20200908,525.0,703,552.0,587,636,667.0,3670.0
982,20200909,471.0,702,626.0,615,604,658.0,3676.0
983,20200910,500.0,748,693.0,558,698,772.0,3969.0
984,20200911,594.0,915,769.0,688,769,787.0,4522.0
985,20200912,730.0,998,819.0,657,892,872.0,4968.0
986,20200913,584.0,781,706.0,536,717,643.0,3967.0
987,20200914,443.0,733,640.0,682,649,882.0,4029.0
988,20200915,584.0,674,595.0,643,645,741.0,3882.0
989,20200916,411.0,690,583.0,680,606,741.0,3711.0
990,20200917,386.0,794,704.0,675,674,863.0,4096.0
991,20200918,541.0,884,745.0,674,759,963.0,4566.0
992,20200919,702.0,970,903.0,736,909,851.0,5071.0
993,20200920,689.0,841,793.0,492,731,738.0,4284.0
994,20200921,485.0,715,534.0,643,641,804.0,3822.0
995,20200922,399.0,643,614.0,627,637,772.0,3692.0
996,20200923,451.0,715,624.0,637,634,805.0,3866.0
997,20200924,440.0,680,662.0,635,664,824.0,3905.0
998,20200925,543.0,996,679.0,744,850,982.0,4794.0
999,20200926,777.0,944,929.0,751,906,949.0,5256.0
1000,20200927,711.0,769,685.0,595,766,748.0,4274.0
1001,20200928,433.0,647,580.0,578,588,756.0,3582.0
1002,20200929,421.0,683,580.0,581,664,736.0,3665.0
1003,20200930,443.0,693,655.0,578,653,770.0,3792.0
1004,20201001,436.0,742,623.0,572,653,772.0,3798.0
1005,20201002,580.0,976,825.0,618,750,946.0,4695.0
1006,20201003,760.0,1062,971.0,645,920,912.0,5270.0
1007,20201004,647.0,788,714.0,518,702,677.0,4046.0
1008,20201005,381.0,630,614.0,553,579,627.0,3384.0
1009,20201006,367.0,660,583.0,531,568,665.0,3374.0
1010,20201007,429.0,690,695.0,576,677,717.0,3784.0
1011,20201008,412.0,726,632.0,577,639,769.0,3755.0
1012,20201009,558.0,981,855.0,633,742,987.0,4756.0
1013,20201010,767.0,1019,937.0,743,907,842.0,5215.0
1014,20201011,637.0,670,647.0,458,688,623.0,3723.0
1015,20201012,383.0,616,584.0,544,561,663.0,3351.0
1016,20201013,362.0,679,561.0,535,574,668.0,3379.0
1017,20201014,410.0,667,618.0,554,550,280.0,3079.0
1018,20201015,405.0,735,745.0,539,632,608.0,3664.0
1019,20201016,540.0,955,846.0,694,794,895.0,4724.0
1020,20201017,709.0,991,907.0,745,848,836.0,5036.0
1021,20201018,692.0,728,702.0,412,724,633.0,3891.0
1022,20201019,348.0,540,502.0,582,502,595.0,3069.0
1023,20201020,380.0,566,505.0,538,552,563.0,3104.0
1024,20201021,350.0,645,573.0,578,603,621.0,3370.0
1025,20201022,466.0,700,700.0,586,621,781.0,3854.0
1026,20201023,494.0,768,709.0,613,703,724.0,4011.0
1027,20201024,439.0,865,784.0,690,789,661.0,4228.0
1028,20201025,362.0,701,688.0,523,626,574.0,3474.0
1029,20201026,320.0,539,462.0,531,552,417.0,2821.0
1030,20201027,352.0,586,439.0,515,473,474.0,2839.0
1031,20201028,347.0,539,533.0,535,516,458.0,2928.0
1032,20201029,378.0,626,514.0,475,538,538.0,3069.0
1033,20201030,475.0,686,640.0,572,637,595.0,3605.0
1034,20201031,406.0,667,724.0,627,0,668.0,3092.0
1035,20201101,341.0,566,724.0,436,546,258.0,2871.0
1036,20201102,377.0,547,502.0,496,472,516.0,2910.0
1037,20201103,320.0,521,511.0,428,697,508.0,2985.0
1038,20201104,417.0,566,512.0,472,508,578.0,3053.0
1039,20201105,445.0,589,538.0,401,578,628.0,3179.0
1040,20201106,168.0,609,585.0,416,320,324.0,2422.0
1041,20201107,130.0,622,632.0,536,199,305.0,2424.0
1042,20201108,103.0,526,489.0,401,236,289.0,2044.0
1043,20201109,202.0,471,404.0,391,278,324.0,2070.0
1044,20201110,188.0,461,485.0,393,271,345.0,2143.0
1045,20201111,200.0,514,523.0,419,328,333.0,2317.0
1046,20201112,211.0,552,502.0,428,359,379.0,2431.0
1047,20201113,251.0,608,671.0,520,376,311.0,2737.0
1048,20201114,230.0,727,709.0,589,357,388.0,3000.0
1049,20201115,165.0,386,264.0,0,256,335.0,1406.0
1050,20201116,228.0,347,388.0,413,199,346.0,1921.0
1051,20201117,219.0,402,377.0,385,316,355.0,2054.0
1052,20201118,227.0,408,387.0,418,318,340.0,2098.0
1053,20201119,226.0,455,419.0,429,332,347.0,2208.0
1054,20201120,273.0,561,534.0,424,418,428.0,2638.0
1055,20201121,271.0,504,478.0,431,405,434.0,2523.0
1056,20201122,189.0,335,332.0,230,326,348.0,1760.0
1057,20201123,238.0,441,396.0,427,316,350.0,2168.0
1058,20201124,243.0,447,434.0,391,353,370.0,2238.0
1059,20201125,251.0,466,422.0,396,351,361.0,2247.0
1060,20201126,261.0,458,453.0,421,425,395.0,2413.0
1061,20201127,302.0,586,565.0,466,292,440.0,2651.0
1062,20201128,305.0,565,499.0,470,396,446.0,2681.0
1063,20201129,299.0,375,353.0,287,373,410.0,2097.0
1064,20201130,342.0,474,428.0,422,334,395.0,2395.0
1065,20201201,330.0,479,411.0,327,392,396.0,2335.0
1066,20201202,308.0,448,400.0,394,396,372.0,2318.0
1067,20201203,345.0,472,456.0,446,426,397.0,2542.0
1068,20201204,224.0,533,515.0,444,412,298.0,2426.0
1069,20201205,312.0,507,483.0,418,417,373.0,2510.0
1070,20201206,312.0,597,613.0,372,388,422.0,2704.0
1071,20201207,395.0,606,622.0,514,389,465.0,2991.0
1072,20201208,208.0,536,534.0,320,321,362.0,2281.0
1073,20201209,386.0,489,473.0,443,349,364.0,2504.0
1074,20201210,384.0,535,535.0,426,385,477.0,2742.0
1075,20201211,420.0,648,652.0,527,485,521.0,3253.0
1076,20201212,375.0,735,739.0,635,471,489.0,3444.0
1077,20201213,512.0,593,597.0,424,602,500.0,3228.0
1078,20201214,445.0,485,466.0,507,434,361.0,2698.0
1079,20201215,472.0,525,524.0,494,452,509.0,2976.0
1080,20201216,483.0,645,586.0,525,509,527.0,3275.0
1081,20201217,489.0,618,564.0,531,520,530.0,3252.0
1082,20201218,679.0,693,732.0,592,554,678.0,3928.0
1083,20201219,536.0,785,788.0,735,676,642.0,4162.0
1084,20201220,426.0,661,575.0,446,584,572.0,3264.0
1085,20201221,492.0,575,555.0,485,443,476.0,3026.0
1086,20201222,529.0,581,601.0,561,515,552.0,3339.0
1087,20201223,592.0,743,702.0,649,533,592.0,3811.0
1088,20201224,75.0,102,95.0,293,139,95.0,799.0
1089,20201225,0.0,0,0.0,0,0,0.0,0.0
1090,20201226,0.0,351,0.0,0,166,208.0,725.0
1091,20201227,180.0,333,251.0,271,286,320.0,1641.0
1092,20201228,305.0,188,167.0,342,271,405.0,1678.0
1093,20201229,445.0,520,477.0,424,438,507.0,2811.0
1094,20201230,505.0,572,510.0,507,473,506.0,3073.0
1095,20201231,87.0,125,144.0,264,163,141.0,924.0
1096,20210101,0.0,283,49.0,8,104,164.0,608.0
1097,20210102,258.0,375,274.0,308,320,346.0,1881.0
1098,20210103,200.0,353,337.0,276,326,338.0,1830.0
1099,20210104,521.0,599,609.0,477,442,510.0,3158.0
1100,20210105,235.0,408,367.0,331,343,357.0,2041.0
1101,20210106,0.0,352,0.0,293,204,263.0,1112.0
1102,20210107,470.0,507,541.0,500,419,463.0,2900.0
1103,20210108,522.0,695,695.0,612,556,601.0,3681.0
1104,20210109,333.0,576,513.0,452,467,454.0,2795.0
1105,20210110,244.0,463,363.0,311,380,399.0,2160.0
1106,20210111,339.0,483,439.0,456,432,278.0,2427.0
1107,20210112,341.0,513,422.0,451,426,445.0,2598.0
1108,20210113,334.0,545,437.0,467,431,477.0,2691.0
1109,20210114,359.0,539,458.0,451,460,435.0,2702.0
1110,20210115,415.0,640,606.0,494,551,600.0,3306.0
1111,20210116,412.0,635,606.0,582,488,569.0,3292.0
1112,20210117,157.0,432,371.0,337,276,347.0,1920.0
1113,20210118,214.0,494,446.0,475,311,351.0,2291.0
1114,20210119,202.0,535,453.0,485,369,398.0,2442.0
1115,20210120,256.0,523,453.0,472,365,407.0,2476.0
1116,20210121,238.0,518,470.0,520,425,389.0,2560.0
1117,20210122,291.0,637,533.0,506,456,292.0,2715.0
1118,20210123,281.0,633,625.0,498,469,466.0,2972.0
1119,20210124,337.0,524,411.0,336,450,484.0,2542.0
1120,20210125,361.0,502,418.0,477,401,454.0,2613.0
1121,20210126,373.0,545,452.0,467,381,464.0,2682.0
1122,20210127,349.0,537,500.0,467,425,443.0,2721.0
1123,20210128,373.0,570,491.0,504,442,555.0,2935.0
1124,20210129,477.0,640,619.0,531,523,615.0,3405.0
1125,20210130,376.0,717,615.0,540,541,512.0,3301.0
1126,20210131,372.0,587,535.0,390,477,490.0,2851.0
1127,20210201,382.0,497,548.0,499,525,505.0,2956.0
1128,20210202,377.0,557,514.0,492,462,586.0,2988.0
1129,20210203,399.0,568,544.0,515,471,596.0,3093.0
1130,20210204,393.0,623,538.0,505,494,587.0,3140.0
1131,20210205,446.0,726,701.0,622,611,727.0,3833.0
1132,20210206,533.0,830,804.0,710,615,705.0,4197.0
1133,20210207,430.0,637,654.0,407,587,568.0,3283.0
1134,20210208,315.0,568,504.0,509,452,495.0,2843.0
1135,20210209,389.0,550,526.0,521,469,582.0,3037.0
1136,20210210,383.0,535,534.0,489,501,612.0,3054.0
1137,20210211,400.0,615,625.0,541,516,593.0,3290.0
1138,20210212,482.0,729,665.0,620,563,692.0,3751.0
1139,20210213,496.0,824,736.0,760,621,641.0,4078.0
1140,20210214,498.0,736,708.0,480,619,624.0,3665.0
1141,20210215,530.0,512,498.0,540,492,541.0,3113.0
1142,20210216,437.0,552,576.0,530,517,532.0,3144.0
1143,20210217,370.0,573,528.0,559,469,561.0,3060.0
1144,20210218,331.0,566,572.0,549,501,626.0,3145.0
1145,20210219,443.0,705,691.0,602,636,739.0,3816.0
1146,20210220,518.0,853,833.0,722,721,661.0,4308.0
1147,20210221,431.0,487,481.0,417,630,619.0,3065.0
1148,20210222,350.0,464,439.0,444,506,562.0,2765.0
1149,20210223,354.0,495,468.0,480,536,579.0,2912.0
1150,20210224,350.0,505,495.0,461,513,611.0,2935.0
1151,20210225,395.0,577,547.0,488,579,573.0,3159.0
1152,20210226,509.0,677,676.0,549,657,708.0,3776.0
1153,20210227,499.0,725,721.0,578,665,768.0,3956.0
1154,20210228,468.0,517,539.0,467,663,296.0,2950.0
1155,20210301,294.0,484,493.0,488,446,474.0,2679.0
1156,20210302,305.0,521,530.0,470,476,524.0,2826.0
1157,20210303,314.0,530,465.0,497,441,489.0,2736.0
1158,20210304,376.0,565,542.0,464,499,569.0,3015.0
1159,20210305,354.0,723,668.0,564,478,586.0,3373.0
1160,20210306,275.0,638,626.0,560,479,526.0,3104.0
1161,20210307,234.0,544,485.0,368,417,493.0,2541.0
1162,20210308,243.0,508,484.0,412,410,412.0,2469.0
1163,20210309,291.0,498,496.0,422,458,397.0,2562.0
1164,20210310,342.0,551,513.0,492,443,460.0,2801.0
1165,20210311,334.0,551,535.0,444,439,476.0,2779.0
1166,20210312,415.0,705,710.0,555,489,568.0,3442.0
1167,20210313,343.0,753,725.0,601,544,597.0,3563.0
1168,20210314,310.0,569,581.0,425,459,575.0,2919.0
1169,20210315,190.0,342,286.0,322,310,287.0,1737.0
1170,20210316,229.0,354,348.0,351,326,337.0,1945.0
1171,20210317,236.0,365,337.0,322,259,371.0,1890.0
1172,20210318,250.0,459,414.0,380,383,395.0,2281.0
1173,20210319,297.0,522,489.0,392,457,484.0,2641.0
1174,20210320,272.0,476,495.0,442,416,450.0,2551.0
1175,20210321,219.0,379,326.0,323,355,427.0,2029.0
1176,20210322,236.0,406,378.0,382,379,348.0,2129.0
1177,20210323,261.0,390,406.0,353,409,396.0,2215.0
1178,20210324,247.0,444,430.0,371,403,417.0,2312.0
1179,20210325,271.0,469,451.0,420,410,432.0,2453.0
1180,20210326,332.0,532,511.0,413,440,536.0,2764.0
1181,20210327,317.0,516,542.0,508,479,502.0,2864.0
1182,20210328,209.0,433,415.0,328,427,437.0,2249.0
1183,20210329,282.0,396,386.0,398,382,401.0,2245.0
1184,20210330,269.0,465,483.0,399,411,381.0,2408.0
1185,20210331,344.0,514,442.0,396,424,422.0,2542.0
1186,20210401,337.0,523,540.0,402,464,469.0,2735.0
1187,20210402,365.0,497,480.0,418,462,486.0,2708.0
1188,20210403,293.0,493,472.0,389,401,487.0,2535.0
1189,20210404,0.0,0,0.0,0,0,0.0,0.0
1190,20210405,0.0,536,0.0,0,337,420.0,1293.0
1191,20210406,304.0,455,445.0,380,370,420.0,2374.0
1192,20210407,300.0,466,456.0,343,417,465.0,2447.0
1193,20210408,348.0,478,487.0,348,435,437.0,2533.0
1194,20210409,361.0,589,584.0,425,511,545.0,3015.0
1195,20210410,391.0,544,520.0,482,513,530.0,2980.0
1196,20210411,289.0,451,409.0,325,413,425.0,2312.0
1197,20210412,416.0,512,500.0,453,397,484.0,2762.0
1198,20210413,378.0,518,539.0,439,457,522.0,2853.0
1199,20210414,396.0,603,494.0,452,507,511.0,2963.0
1200,20210415,382.0,604,565.0,459,506,505.0,3021.0
1201,20210416,466.0,701,676.0,502,553,720.0,3618.0
1202,20210417,528.0,765,748.0,614,644,683.0,3982.0
1203,20210418,446.0,556,531.0,385,520,579.0,3017.0
1204,20210419,399.0,558,501.0,412,411,543.0,2824.0
1205,20210420,401.0,553,496.0,436,440,586.0,2912.0
1206,20210421,389.0,582,547.0,454,494,507.75,2973.75
1207,20210422,399.0,616,563.0,456,488,635.0,3157.0
1208,20210423,519.0,686,683.0,492,594,804.0,3778.0
1209,20210424,528.0,799,759.0,605,639,703.0,4033.0
1210,20210425,444.0,644,570.0,413,492,599.0,3162.0
1211,20210426,439.0,506,532.0,455,497,557.0,2986.0
1212,20210427,419.0,577,497.0,414,488,545.0,2940.0
1213,20210428,414.0,627,499.0,446,578,603.0,3167.0
1214,20210429,424.0,638,568.0,501,550,571.0,3252.0
1215,20210430,519.0,789,768.0,574,649,805.0,4104.0
1216,20210501,444.0,766,705.0,482,674,599.0,3670.0
1217,20210502,490.0,686,696.0,438,641,633.0,3584.0
1218,20210503,391.0,541,505.0,470,504,613.0,3024.0
1219,20210504,374.0,491,532.0,406,485,618.0,2906.0
1220,20210505,389.0,580,560.0,456,556,577.0,3118.0
1221,20210506,407.0,615,542.0,474,553,609.0,3200.0
1222,20210507,479.0,654,646.0,501,655,803.0,3738.0
1223,20210508,512.0,797,731.0,561,684,694.0,3979.0
1224,20210509,461.0,726,656.0,428,644,619.0,3534.0
1225,20210510,379.0,575,493.0,382,487,547.0,2863.0
1226,20210511,387.0,600,492.0,367,375,508.0,2729.0
1227,20210512,382.0,602,15.0,415,552,665.0,2631.0
1228,20210513,419.0,666,1062.0,498,552,335.0,3532.0
1229,20210514,527.0,813,775.0,425,643,735.0,3918.0
1230,20210515,488.0,798,845.0,688,756,768.0,4343.0
1231,20210516,488.0,760,749.0,508,698,662.0,3865.0
1232,20210517,411.0,599,582.0,535,597,663.0,3387.0
1233,20210518,438.0,577,663.0,492,657,747.0,3574.0
1234,20210519,417.0,688,749.0,525,640,726.0,3745.0
1235,20210520,433.0,676,765.0,590,692,704.0,3860.0
1236,20210521,544.0,792,868.0,579,796,934.0,4513.0
1237,20210522,686.0,910,887.0,666,755,801.0,4705.0
1238,20210523,603.0,696,734.0,444,728,617.0,3822.0
1239,20210524,421.0,592,531.0,476,465,615.0,3100.0
1240,20210525,367.0,563,590.0,488,617,695.0,3320.0
1241,20210526,380.0,623,580.0,464,598,705.0,3350.0
1242,20210527,418.0,559,577.0,421,581,683.0,3239.0
1243,20210528,478.0,748,801.0,575,742,847.0,4191.0
1244,20210529,654.0,787,787.0,634,705,764.0,4331.0
1245,20210530,612.0,714,734.0,397,682,665.0,3804.0
1246,20210531,375.0,609,592.0,506,521,665.0,3268.0
1247,20210601,434.0,648,653.0,531,630,816.0,3712.0
1248,20210602,574.0,709,756.0,453,761,669.0,3922.0
1249,20210603,415.0,631,591.0,517,607,668.0,3429.0
1250,20210604,458.0,725,817.0,745,733,872.0,4350.0
1251,20210605,624.0,754,772.0,668,772,786.0,4376.0
1252,20210606,616.0,735,755.0,415,679,655.0,3855.0
1253,20210607,404.0,670,619.0,579,618,812.0,3702.0
1254,20210608,547.0,595,643.0,538,790,1129.0,4242.0
1255,20210609,482.0,643,759.0,576,769,785.0,4014.0
1256,20210610,435.0,675,733.0,544,711,691.0,3789.0
1257,20210611,479.0,692,845.0,637,767,804.0,4224.0
1258,20210612,634.0,758,918.0,660,868,798.0,4636.0
1259,20210613,546.0,620,814.0,523,790,675.0,3968.0
1260,20210614,443.0,663,579.0,573,666,698.0,3622.0
1261,20210615,472.0,694,674.0,535,648,717.0,3740.0
1262,20210616,455.0,687,637.0,580,668,656.0,3683.0
1263,20210617,470.0,631,645.0,571,707,629.0,3653.0
1264,20210618,534.0,821,880.0,657,869,770.0,4531.0
1265,20210619,617.0,867,916.0,681,913,807.0,4801.0
1266,20210620,607.0,703,768.0,513,732,634.0,3957.0
1267,20210621,480.0,673,600.0,580,694,726.0,3753.0
1268,20210622,424.0,663,653.0,567,701,752.0,3760.0
1269,20210623,510.0,702,638.0,542,707,667.0,3766.0
1270,20210624,467.0,728,692.0,536,772,850.0,4045.0
1271,20210625,546.0,885,840.0,613,776,832.0,4492.0
1272,20210626,616.0,795,804.0,640,840,762.0,4457.0
1273,20210627,548.0,665,714.0,540,820,780.0,4067.0
1274,20210628,462.0,598,600.0,575,648,663.0,3546.0
1275,20210629,448.0,608,629.0,508,698,676.0,3567.0
1276,20210630,471.0,618,684.0,532,675,706.0,3686.0
1277,20210701,490.0,611,667.0,504,733,780.0,3785.0
1278,20210702,479.0,791,781.0,581,827,842.0,4301.0
1279,20210703,719.0,939,887.0,659,931,821.0,4956.0
1280,20210704,826.0,833,820.0,494,851,761.0,4585.0
1281,20210705,544.0,617,590.0,569,625,552.0,3497.0
1282,20210706,427.0,582,607.0,549,647,593.0,3405.0
1283,20210707,513.0,669,626.0,569,717,708.0,3802.0
1284,20210708,510.0,710,678.0,553,759,623.0,3833.0
1285,20210709,625.0,900,926.0,582,885,885.0,4803.0
1286,20210710,673.0,850,957.0,730,857,811.0,4878.0
1287,20210711,533.0,634,746.0,572,761,641.0,3887.0
1288,20210712,579.0,750,624.0,554,723,692.0,3922.0
1289,20210713,613.0,667,649.0,568,743,739.0,3979.0
1290,20210714,556.0,601,708.0,547,795,711.0,3918.0
1291,20210715,564.0,755,774.0,583,801,756.0,4233.0
1292,20210716,622.0,886,977.0,642,921,734.0,4782.0
1293,20210717,751.0,894,1037.0,789,926,848.0,5245.0
1294,20210718,678.0,789,854.0,567,817,704.0,4409.0
1295,20210719,502.0,633,630.0,622,716,737.0,3840.0
1296,20210720,487.0,640,681.0,588,762,637.0,3795.0
1297,20210721,538.0,687,753.0,584,712,663.0,3937.0
1298,20210722,515.0,687,680.0,601,732,719.0,3934.0
1299,20210723,576.0,822,867.0,610,850,701.0,4426.0
1300,20210724,710.0,800,919.0,717,915,764.0,4825.0
1301,20210725,704.0,741,782.0,542,820,694.0,4283.0
1302,20210726,474.0,654,674.0,613,677,637.0,3729.0
1303,20210727,550.0,659,619.0,536,692,653.0,3709.0
1304,20210728,548.0,694,617.0,574,656,603.0,3692.0
1305,20210729,497.0,675,675.0,600,703,739.0,3889.0
1306,20210730,582.0,863,895.0,633,917,730.0,4620.0
1307,20210731,633.0,896,909.0,787,852,755.0,4832.0
1308,20210801,667.0,766,755.0,564,852,729.0,4333.0
1309,20210802,461.0,677,632.0,608,657,680.0,3715.0
1310,20210803,471.0,692,594.0,538,690,592.0,3577.0
1311,20210804,613.0,734,675.0,552,786,749.0,4109.0
1312,20210805,524.0,693,694.0,538,709,657.0,3815.0
1313,20210806,465.0,767,757.0,540,692,659.0,3880.0
1314,20210807,531.0,729,746.0,621,757,662.0,4046.0
1315,20210808,506.0,631,641.0,450,644,607.0,3479.0
1316,20210809,422.0,551,621.0,465,657,623.0,3339.0
1317,20210810,460.0,627,621.0,444,635,586.0,3373.0
1318,20210811,396.0,518,554.0,414,613,556.0,3051.0
1319,20210812,490.0,657,626.0,477,667,693.0,3610.0
1320,20210813,536.0,746,727.0,556,770,703.0,4038.0
1321,20210814,519.0,654,645.0,534,739,619.0,3710.0
1322,20210815,0.0,562,407.0,602,519,442.0,2532.0
1323,20210816,474.0,635,627.0,602,654,674.0,3666.0
1324,20210817,506.0,638,617.0,489,705,638.0,3593.0
1325,20210818,508.0,650,619.0,494,619,610.0,3500.0
1326,20210819,500.0,604,639.0,541,688,642.0,3614.0
1327,20210820,474.0,775,776.0,520,790,622.0,3957.0
1328,20210821,549.0,783,698.0,575,750,720.0,4075.0
1329,20210822,526.0,692,664.0,470,687,686.0,3725.0
1330,20210823,489.0,728,698.0,517,760,728.0,3920.0
1331,20210824,524.0,727,668.0,525,748,737.0,3929.0
1332,20210825,494.0,691,683.0,515,723,709.0,3815.0
1333,20210826,429.0,748,683.0,499,763,716.0,3838.0
1334,20210827,594.0,922,915.0,523,872,823.0,4649.0
1335,20210828,683.0,961,911.0,645,840,857.0,4897.0
1336,20210829,594.0,800,809.0,484,894,820.0,4401.0
1337,20210830,476.0,775,687.0,548,699,855.0,4040.0
1338,20210831,558.0,811,742.0,505,786,750.0,4152.0
1339,20210901,560.0,855,710.0,576,800,809.0,4310.0
1340,20210902,580.0,798,731.0,566,743,836.0,4254.0
1341,20210903,555.0,890,862.0,634,926,867.0,4734.0
1342,20210904,652.0,907,811.0,638,943,887.0,4838.0
1343,20210905,649.0,790,795.0,437,787,768.0,4226.0
1344,20210906,462.0,734,604.0,545,681,754.0,3780.0
1345,20210907,505.0,749,670.0,571,703,748.0,3946.0
1346,20210908,512.0,743,736.0,546,731,803.0,4071.0
1347,20210909,497.0,787,709.0,563,719,786.0,4061.0
1348,20210910,553.0,925,921.0,552,834,829.0,4614.0
1349,20210911,666.0,998,940.0,604,980,834.0,5022.0
1350,20210912,574.0,843,775.0,401,822,674.0,4089.0
1351,20210913,500.0,780,694.0,637,740,1011.0,4362.0
1352,20210914,398.0,733,635.0,511,670,711.0,3658.0
1353,20210915,417.0,741,725.0,587,677,809.0,3956.0
1354,20210916,504.0,781,776.0,580,692,796.0,4129.0
1355,20210917,591.0,897,830.0,665,881,966.0,4830.0
1356,20210918,734.0,953,888.0,688,961,889.0,5113.0
1357,20210919,718.0,865,793.0,454,771,758.0,4359.0
1358,20210920,591.0,678,645.0,623,573,788.0,3898.0
1359,20210921,417.0,687,714.0,534,677,785.0,3814.0
1360,20210922,392.0,772,758.0,538,695,853.0,4008.0
1361,20210923,515.0,750,684.0,601,911,847.0,4308.0
1362,20210924,557.0,887,998.0,800,825,979.0,5046.0
1363,20210925,759.0,918,896.0,669,919,844.0,5005.0
1364,20210926,680.0,636,732.0,384,552,599.0,3583.0
1365,20210927,427.0,0,641.0,572,648,685.0,2973.0
1366,20210928,418.0,0,742.0,543,670,704.0,3077.0
1367,20210929,428.0,0,928.0,598,687,706.0,3347.0
1368,20210930,434.0,0,705.0,610,679,739.0,3167.0
1369,20211001,582.0,0,1144.0,722,868,1060.0,4376.0
1370,20211002,719.0,0,1240.0,743,914,854.0,4470.0
1371,20211003,716.0,0,966.0,477,708,588.0,3455.0
1372,20211004,383.0,0,773.0,519,516,580.0,2771.0
1373,20211005,441.0,0,816.0,500,604,602.0,2963.0
1374,20211006,454.0,0,869.0,512,631,702.0,3168.0
1375,20211007,430.0,0,888.0,574,622,714.0,3228.0
1376,20211008,539.0,0,1193.0,706,827,943.0,4208.0
1377,20211009,794.0,0,928.0,659,906,854.0,4141.0
1378,20211010,678.0,0,1115.0,509,807,613.0,3722.0
1379,20211011,384.0,0,802.0,551,630,642.0,3009.0
1380,20211012,409.0,0,871.0,565,584,711.0,3140.0
1381,20211013,420.0,0,904.0,586,587,680.0,3177.0
1382,20211014,472.0,0,885.0,585,631,681.0,3254.0
1383,20211015,671.0,0,1192.0,684,851,979.0,4377.0
1384,20211016,810.0,0,1240.0,733,985,824.0,4592.0
1385,20211017,719.0,0,1098.0,547,719,666.0,3749.0
1386,20211018,399.0,0,846.0,602,608,614.0,3069.0
1387,20211019,412.0,0,895.0,533,574,661.0,3075.0
1388,20211020,435.0,0,810.0,596,602,661.0,3104.0
1389,20211021,383.0,0,775.0,552,664,691.0,3065.0
1390,20211022,576.0,0,956.0,639,867,964.0,4002.0
1391,20211023,720.0,0,1108.0,654,924,867.0,4273.0
1392,20211024,696.0,0,856.0,493,704,665.0,3414.0
1393,20211025,441.0,0,653.0,541,603,659.0,2897.0
1394,20211026,418.0,590,599.0,535,568,630.0,3340.0
1395,20211027,437.0,629,778.0,540,606,688.0,3678.0
1396,20211028,422.0,701,726.0,528,645,718.0,3740.0
1397,20211029,638.0,715,884.0,671,775,1016.0,4699.0
1398,20211030,797.0,926,971.0,702,812,809.0,5017.0
1399,20211031,768.0,866,910.0,526,808,681.0,4559.0
1400,20211101,569.0,767,741.0,493,609,681.0,3860.0
1401,20211102,407.0,636,604.0,541,531,596.0,3315.0
1402,20211103,441.0,639,493.0,512,504,639.0,3228.0
1403,20211104,400.0,629,691.0,525,634,668.0,3547.0
1404,20211105,521.0,852,920.0,620,796,922.0,4631.0
1405,20211106,863.0,1017,1012.0,663,934,798.0,5287.0
1406,20211107,722.0,763,795.0,462,666,644.0,4052.0
1407,20211108,382.0,550,540.0,443,515,600.0,3030.0
1408,20211109,408.0,611,623.0,466,547,629.0,3284.0
1409,20211110,465.0,717,661.0,527,653,676.0,3699.0
1410,20211111,634.0,744,668.0,550,554,786.0,3936.0
1411,20211112,558.0,911,942.0,648,762,1010.0,4831.0
1412,20211113,901.0,997,969.0,655,925,892.0,5339.0
1413,20211114,690.0,815,843.0,455,712,624.0,4139.0
1414,20211115,423.0,561,552.0,488,545,663.0,3232.0
1415,20211116,402.0,562,636.0,551,563,686.0,3400.0
1416,20211117,387.0,653,645.0,587,581,725.0,3578.0
1417,20211118,443.0,690,734.0,598,572,797.0,3834.0
1418,20211119,674.0,943,972.0,628,789,899.0,4905.0
1419,20211120,844.0,942,920.0,700,842,908.0,5156.0
1420,20211121,670.0,913,864.0,494,681,710.0,4332.0
1421,20211122,344.0,616,615.0,506,561,691.0,3333.0
1422,20211123,390.0,571,627.0,588,632,786.0,3594.0
1423,20211124,404.0,656,708.0,610,637,741.0,3756.0
1424,20211125,420.0,742,677.0,552,604,786.0,3781.0
1425,20211126,653.0,994,913.0,713,841,1006.0,5120.0
1426,20211127,873.0,1018,969.0,713,915,971.0,5459.0
1427,20211128,699.0,867,903.0,529,779,740.0,4517.0
1428,20211129,443.0,582,695.0,597,526,702.0,3545.0
1429,20211130,392.0,645,663.0,538,546,712.0,3496.0
1430,20211201,525.0,865,833.0,645,798,946.0,4612.0
1431,20211202,442.0,798,775.0,599,650,846.0,4110.0
1432,20211203,646.0,981,1001.0,700,837,1087.0,5252.0
1433,20211204,826.0,955,930.0,730,928,892.0,5261.0
1434,20211205,674.0,914,947.0,509,761,789.0,4594.0
1435,20211206,445.0,716,673.0,539,604,685.0,3662.0
1436,20211207,568.0,775,739.0,618,714,853.0,4267.0
1437,20211208,284.0,570,553.0,359,430,546.0,2742.0
1438,20211209,482.0,636,616.0,878,525,666.0,3803.0
1439,20211210,462.0,767,707.0,609,622,680.0,3847.0
1440,20211211,837.0,972,960.0,695,882,882.0,5228.0
1441,20211212,673.0,825,880.0,521,721,666.0,4286.0
1442,20211213,462.0,625,669.0,545,598,707.0,3606.0
1443,20211214,495.0,749,761.0,573,712,783.0,4073.0
1444,20211215,687.0,779,732.0,638,636,742.0,4214.0
1445,20211216,620.0,835,809.0,558,690,843.0,4355.0
1446,20211217,732.0,908,928.0,650,730,903.0,4851.0
1447,20211218,1005.0,933,952.0,764,887,765.0,5306.0
1448,20211219,853.0,874,884.0,518,730,664.0,4523.0
1449,20211220,640.0,788,802.0,620,680,818.0,4348.0
1450,20211221,705.0,875,808.0,603,705,819.0,4515.0
1451,20211222,669.0,634,756.0,643,780,855.0,4337.0
1452,20211223,804.0,889,838.0,758,761,752.0,4802.0
1453,20211224,488.0,322,321.0,578,296,261.0,2266.0
1454,20211225,174.0,414,347.0,0,366,325.0,1626.0
1455,20211226,636.0,735,767.0,0,667,582.0,3387.0
1456,20211227,659.0,774,742.0,553,606,646.0,3980.0
1457,20211228,699.0,800,684.0,493,646,687.0,4009.0
1458,20211229,652.0,702,714.0,524,654,720.0,3966.0
1459,20211230,509.0,0,756.0,523,671,650.0,3109.0
1460,20211231,230.0,308,232.0,441,310,231.0,1752.0
1461,20220101,493.0,667,562.0,0,625,516.0,2863.0
1462,20220102,660.0,802,787.0,493,637,671.0,4050.0
1463,20220103,515.0,687,573.0,497,605,609.0,3486.0
1464,20220104,441.0,651,574.0,446,568,642.0,3322.0
1465,20220105,590.0,706,526.0,399,619,676.0,3516.0
1466,20220106,634.0,834,607.0,418,647,694.0,3834.0
1467,20220107,579.0,866,641.0,443,563,746.0,3838.0
1468,20220108,656.0,878,610.0,504,804,788.0,4240.0
1469,20220109,600.0,702,629.0,430,582,612.0,3555.0
1470,20220110,330.0,602,505.0,500,512,622.0,3071.0
1471,20220111,413.0,642,569.0,522,578,701.0,3425.0
1472,20220112,405.0,707,673.0,473,626,749.0,3633.0
1473,20220113,452.0,793,609.0,545,689,745.0,3833.0
1474,20220114,642.0,941,856.0,562,875,907.0,4783.0
1475,20220115,778.0,1007,828.0,702,909,893.0,5117.0
1476,20220116,691.0,744,678.0,491,696,728.0,4028.0
1477,20220117,369.0,621,557.0,597,598,674.0,3416.0
1478,20220118,448.0,696,589.0,512,577,661.0,3483.0
1479,20220119,420.0,676,606.0,502,556,698.0,3458.0
1480,20220120,340.0,721,619.0,525,644,713.0,3562.0
1481,20220121,523.0,984,761.0,618,739,934.0,4559.0
1482,20220122,684.0,1019,796.0,661,891,869.0,4920.0
1483,20220123,623.0,728,649.0,528,642,606.0,3776.0
1484,20220124,358.0,595,502.0,485,535,590.0,3065.0
1485,20220125,334.0,704,522.0,500,591,658.0,3309.0
1486,20220126,359.0,660,618.0,534,606,614.0,3391.0
1487,20220127,390.0,688,618.0,544,630,683.0,3553.0
1488,20220128,627.0,945,796.0,568,810,957.0,4703.0
1489,20220129,818.0,991,937.0,664,986,845.0,5241.0
1490,20220130,629.0,808,757.0,459,682,722.0,4057.0
1491,20220131,362.0,593,613.0,504,557,745.0,3374.0
1492,20220201,393.0,627,574.0,518,574,729.0,3415.0
1493,20220202,409.0,655,654.0,541,632,678.0,3569.0
1494,20220203,385.0,724,654.0,550,621,704.0,3638.0
1495,20220204,503.0,815,837.0,594,870,946.0,4565.0
1496,20220205,698.0,1016,886.0,628,894,830.0,4952.0
1497,20220206,620.0,816,781.0,489,704,745.0,4155.0
1498,20220207,366.0,620,527.0,530,512,694.0,3249.0
1499,20220208,376.0,623,582.0,534,588,716.0,3419.0
1500,20220209,430.0,701,660.0,512,583,719.0,3605.0
1501,20220210,400.0,733,691.0,502,624,729.0,3679.0
1502,20220211,568.0,987,901.0,584,823,1054.0,4917.0
1503,20220212,796.0,1064,937.0,687,927,874.0,5285.0
1504,20220213,660.0,831,760.0,508,733,712.0,4204.0
1505,20220214,404.0,662,603.0,570,599,684.0,3522.0
1506,20220215,329.0,621,601.0,482,569,617.0,3219.0
1507,20220216,375.0,659,606.0,499,607,693.0,3439.0
1508,20220217,442.0,725,680.0,566,606,753.0,3772.0
1509,20220218,541.0,916,855.0,634,840,1029.0,4815.0
1510,20220219,896.0,1051,934.0,674,961,857.0,5373.0
1511,20220220,735.0,864,769.0,462,685,752.0,4267.0
1512,20220221,389.0,600,579.0,537,543,671.0,3319.0
1513,20220222,413.0,635,614.0,522,600,794.0,3578.0
1514,20220223,405.0,679,647.0,565,678,761.0,3735.0
1515,20220224,419.0,657,671.0,567,606,764.0,3684.0
1516,20220225,596.0,897,893.0,595,833,1002.0,4816.0
1517,20220226,833.0,1080,952.0,689,1003,879.0,5436.0
1518,20220227,732.0,736,956.0,504,865,747.0,4540.0
1519,20220228,545.0,530,633.0,578,617,681.0,3584.0
1520,20220301,407.0,659,570.0,594,620,632.0,3482.0
1521,20220302,382.0,715,650.0,566,675,675.0,3663.0
1522,20220303,458.0,685,680.0,570,662,774.0,3829.0
1523,20220304,569.0,838,863.0,631,848,988.0,4737.0
1524,20220305,722.0,988,874.0,716,918,848.0,5066.0
1525,20220306,711.0,901,824.0,490,723,719.0,4368.0
1526,20220307,395.0,558,590.0,586,577,727.0,3433.0
1527,20220308,371.0,638,643.0,547,715,768.0,3682.0
1528,20220309,396.0,746,718.0,596,651,741.0,3848.0
1529,20220310,414.0,601,642.0,546,592,724.0,3519.0
1530,20220311,529.0,945,768.0,636,877,1085.0,4840.0
1531,20220312,698.0,986,908.0,686,996,845.0,5119.0
1532,20220313,683.0,782,762.0,455,741,796.0,4219.0
1533,20220314,341.0,570,569.0,541,518,659.0,3198.0
1534,20220315,428.0,637,627.0,511,598,697.0,3498.0
1535,20220316,418.0,670,588.0,521,611,647.0,3455.0
1536,20220317,411.0,732,606.0,552,617,760.0,3678.0
1537,20220318,547.0,952,871.0,636,934,1013.0,4953.0
1538,20220319,738.0,1046,947.0,707,1049,889.0,5376.0
1539,20220320,628.0,842,804.0,507,671,746.0,4198.0
1540,20220321,373.0,562,555.0,538,575,654.0,3257.0
1541,20220322,440.0,681,531.0,521,563,702.0,3438.0
1542,20220323,469.0,719,633.0,582,624,724.0,3751.0
1543,20220324,391.0,731,718.0,543,740,755.0,3878.0
1544,20220325,612.0,924,886.0,714,854,1031.0,5021.0
1545,20220326,795.0,1078,1002.0,744,927,925.0,5471.0
1546,20220327,705.0,892,895.0,599,799,713.0,4603.0
1547,20220328,378.0,613,544.0,572,618,674.0,3399.0
1548,20220329,366.0,638,541.0,541,606,641.0,3333.0
1549,20220330,389.0,729,626.0,558,634,670.0,3606.0
1550,20220331,456.0,689,524.0,594,682,731.0,3676.0
1551,20220401,600.0,936,906.0,643,898,960.0,4943.0
1552,20220402,789.0,1066,917.0,674,1049,824.0,5319.0
1553,20220403,644.0,830,866.0,479,771,722.0,4312.0
1554,20220404,360.0,595,534.0,479,509,691.0,3168.0
1555,20220405,429.0,638,570.0,471,633,661.0,3402.0
1556,20220406,463.0,672,620.0,433,682,780.0,3650.0
1557,20220407,445.0,762,655.0,479,698,750.0,3789.0
1558,20220408,543.0,766,892.0,603,880,1002.0,4686.0
1559,20220409,775.0,1004,971.0,640,997,871.0,5258.0
1560,20220410,709.0,809,771.0,471,822,735.0,4317.0
1561,20220411,416.0,686,696.0,522,625,725.0,3670.0
1562,20220412,425.0,729,781.0,567,687,787.0,3976.0
1563,20220413,598.0,929,883.0,653,820,988.0,4871.0
1564,20220414,667.0,873,743.0,580,896,851.0,4610.0
1565,20220415,642.0,865,831.0,589,866,789.0,4582.0
1566,20220416,763.0,844,816.0,526,994,799.0,4742.0
1567,20220417,251.0,456,451.0,0,362,405.0,1925.0
1568,20220418,513.0,799,763.0,0,680,697.0,3452.0
1569,20220419,479.0,624,667.0,566,643,584.0,3563.0
1570,20220420,458.0,744,643.0,547,676,706.0,3774.0
1571,20220421,478.0,683,624.0,492,660,695.0,3632.0
1572,20220422,558.0,889,872.0,533,952,873.0,4677.0
1573,20220423,759.0,1055,859.0,502,955,869.0,4999.0
1574,20220424,751.0,791,747.0,465,709,801.0,4264.0
1575,20220425,596.0,832,731.0,472,695,736.0,4062.0
1576,20220426,388.0,666,624.0,493,630,711.0,3512.0
1577,20220427,395.0,683,681.0,500,650,674.0,3583.0
1578,20220428,491.0,757,723.0,491,659,717.0,3838.0
1579,20220429,588.0,0,924.0,620,845,1065.0,4042.0
1580,20220430,856.0,959,973.0,627,1082,875.0,5372.0
1581,20220501,655.0,819,887.0,526,898,844.0,4629.0
1582,20220502,408.0,708,731.0,688,646,826.0,4007.0
1583,20220503,465.0,700,685.0,522,669,766.0,3807.0
1584,20220504,608.0,776,636.0,596,702,892.0,4210.0
1585,20220505,531.0,737,686.0,580,656,811.0,4001.0
1586,20220506,721.0,971,929.0,655,897,999.0,5172.0
1587,20220507,984.0,952,1088.0,744,1066,860.0,5694.0
1588,20220508,800.0,903,864.0,522,867,879.0,4835.0
1589,20220509,388.0,649,622.0,533,621,728.0,3541.0
1590,20220510,409.0,732,605.0,609,593,779.0,3727.0
1591,20220511,455.0,717,645.0,611,668,794.0,3890.0
1592,20220512,493.0,728,692.0,645,699,817.0,4074.0
1593,20220513,638.0,935,949.0,718,982,1153.0,5375.0
1594,20220514,741.0,1050,964.0,795,1057,1088.0,5695.0
1595,20220515,678.0,981,845.0,611,784,799.0,4698.0
1596,20220516,436.0,779,638.0,611,679,784.0,3927.0
1597,20220517,481.0,742,762.0,689,693,807.0,4174.0
1598,20220518,494.0,725,789.0,646,766,919.0,4339.0
1599,20220519,429.0,728,714.0,616,744,752.0,3983.0
1600,20220520,496.0,940,928.0,701,886,1060.0,5011.0
1601,20220521,748.0,1070,1056.0,810,985,949.0,5618.0
1602,20220522,655.0,917,861.0,571,893,797.0,4694.0
1603,20220523,365.0,672,675.0,636,594,783.0,3725.0
1604,20220524,430.0,659,706.0,621,685,759.0,3860.0
1605,20220525,423.0,678,690.0,595,676,719.0,3781.0
1606,20220526,456.0,721,758.0,614,709,991.0,4249.0
1607,20220527,459.0,872,894.0,742,960,1060.0,4987.0
1608,20220528,659.0,994,983.0,776,1076,1024.0,5512.0
1609,20220529,690.0,934,854.0,550,870,961.0,4859.0
1610,20220530,573.0,767,690.0,719,662,769.0,4180.0
1611,20220531,437.0,685,733.0,655,683,813.0,4006.0
1612,20220601,536.0,803,814.0,711,850,935.0,4649.0
1613,20220602,696.0,881,796.0,567,901,888.0,4729.0
1614,20220603,672.0,917,974.0,854,921,955.0,5293.0
1615,20220604,624.0,940,876.0,759,983,819.0,5001.0
1616,20220605,693.0,805,805.0,627,810,762.0,4502.0
1617,20220606,583.0,995,886.0,653,906,1187.0,5210.0
1618,20220607,476.0,819,741.0,628,838,981.0,4483.0
1619,20220608,643.0,785,768.0,607,1078,1241.0,5122.0
1620,20220609,562.0,768,779.0,636,776,629.0,4150.0
1621,20220610,617.0,970,969.0,698,1090,1057.0,5401.0
1622,20220611,715.0,1004,905.0,731,950,916.0,5221.0
1623,20220612,687.0,827,791.0,587,900,867.0,4659.0
1624,20220613,515.0,528,640.0,663,738,913.0,3997.0
1625,20220614,506.0,772,643.0,638,767,844.0,4170.0
1626,20220615,631.0,868,873.0,730,943,948.0,4993.0
1627,20220616,579.0,899,789.0,704,867,892.0,4730.0
1628,20220617,658.0,1115,972.0,754,1114,1033.0,5646.0
1629,20220618,776.0,1070,1019.0,805,1130,990.0,5790.0
1630,20220619,703.0,852,748.0,600,918,852.0,4673.0
1631,20220620,563.0,854,766.0,709,793,937.0,4622.0
1632,20220621,515.0,717,651.0,719,736,772.0,4110.0
1633,20220622,737.0,978,776.0,654,894,825.0,4864.0
1634,20220623,510.0,826,697.0,666,851,840.0,4390.0
1635,20220624,617.0,1040,901.0,697,1031,976.0,5262.0
1636,20220625,680.0,881,812.0,753,1099,979.0,5204.0
1637,20220626,721.0,991,772.0,597,1001,898.0,4980.0
1638,20220627,579.0,814,733.0,699,868,946.0,4639.0
1639,20220628,548.0,716,718.0,645,712,799.0,4138.0
1640,20220629,609.0,880,736.0,682,948,1044.0,4899.0
1641,20220630,508.0,779,800.0,729,879,928.0,4623.0
1642,20220701,601.0,876,885.0,730,1076,939.0,5107.0
1643,20220702,731.0,961,819.0,781,1055,953.0,5300.0
1644,20220703,684.0,777,710.0,635,852,851.0,4509.0
1645,20220704,458.0,992,0.0,645,702,747.0,3544.0
1646,20220705,551.0,0,973.0,717,808,701.0,3750.0
1647,20220706,736.0,739,768.0,607,775,792.0,4417.0
1648,20220707,559.0,809,759.0,614,785,779.0,4305.0
1649,20220708,575.0,941,887.0,664,1012,948.0,5027.0
1650,20220709,780.0,949,964.0,704,1125,894.0,5416.0
1651,20220710,720.0,805,810.0,553,881,850.0,4619.0
1652,20220711,551.0,984,0.0,694,755,791.0,3775.0
1653,20220712,559.0,0,884.0,695,781,736.0,3655.0
1654,20220713,545.0,772,734.0,651,837,738.0,4277.0
1655,20220714,595.0,759,736.0,691,767,771.0,4319.0
1656,20220715,619.0,872,940.0,697,1042,946.0,5116.0
1657,20220716,791.0,939,978.0,820,1084,886.0,5498.0
1658,20220717,768.0,898,794.0,652,936,882.0,4930.0
1659,20220718,625.0,1057,0.0,758,709,827.0,3976.0
1660,20220719,530.0,0,1040.0,775,884,893.0,4122.0
1661,20220720,616.0,901,939.0,648,910,818.0,4832.0
1662,20220721,602.0,857,828.0,704,834,894.0,4719.0
1663,20220722,579.0,920,857.0,713,938,886.0,4893.0
1664,20220723,805.0,959,957.0,817,1080,933.0,5551.0
1665,20220724,760.0,865,827.0,646,834,815.0,4747.0
1666,20220725,474.0,854,0.0,764,688,773.0,3553.0
1667,20220726,477.0,0,888.0,644,702,656.0,3367.0
1668,20220727,529.0,745,745.0,641,815,786.0,4261.0
1669,20220728,516.0,772,731.0,629,779,777.0,4204.0
1670,20220729,634.0,997,941.0,650,952,884.0,5058.0
1671,20220730,716.0,987,950.0,742,1092,888.0,5375.0
1672,20220731,680.0,772,771.0,639,825,867.0,4554.0
1673,20220801,572.0,902,0.0,720,728,718.0,3640.0
1674,20220802,513.0,0,963.0,753,721,837.0,3787.0
1675,20220803,556.0,722,718.0,637,799,753.0,4185.0
1676,20220804,561.0,769,785.0,599,811,777.0,4302.0
1677,20220805,572.0,933,869.0,641,993,869.0,4877.0
1678,20220806,712.0,868,901.0,716,1008,837.0,5042.0
1679,20220807,709.0,863,820.0,594,794,800.0,4580.0
1680,20220808,584.0,926,0.0,653,740,699.0,3602.0
1681,20220809,601.0,0,918.0,693,800,734.0,3746.0
1682,20220810,639.0,749,684.0,570,793,714.0,4149.0
1683,20220811,563.0,730,699.0,645,769,788.0,4194.0
1684,20220812,654.0,864,867.0,689,989,890.0,4953.0
1685,20220813,651.0,852,881.0,792,924,800.0,4900.0
1686,20220814,622.0,752,668.0,584,721,752.0,4099.0
1687,20220815,231.0,838,0.0,0,783,621.0,2473.0
1688,20220816,605.0,750,790.0,742,785,728.0,4400.0
1689,20220817,579.0,740,738.0,603,702,773.0,4135.0
1690,20220818,762.0,740,709.0,578,769,782.0,4340.0
1691,20220819,735.0,871,877.0,599,919,792.0,4793.0
1692,20220820,643.0,855,784.0,818,946,791.0,4837.0
1693,20220821,663.0,745,719.0,637,835,783.0,4382.0
1694,20220822,502.0,651,571.0,621,682,766.0,3793.0
1695,20220823,514.0,631,610.0,626,751,697.0,3829.0
1696,20220824,562.0,711,649.0,600,705,735.0,3962.0
1697,20220825,556.0,684,649.0,658,723,771.0,4041.0
1698,20220826,533.0,854,783.0,704,925,870.0,4669.0
1699,20220827,611.0,1001,915.0,734,1002,879.0,5142.0
1700,20220828,653.0,884,788.0,664,835,879.0,4703.0
1701,20220829,517.0,814,626.0,650,670,857.0,4134.0
1702,20220830,560.0,679,699.0,567,735,905.0,4145.0
1703,20220831,597.0,809,792.0,623,820,915.0,4556.0
1704,20220901,686.0,886,784.0,719,849,939.0,4863.0
1705,20220902,662.0,1008,932.0,738,1023,987.0,5350.0
1706,20220903,827.0,988,993.0,766,1111,943.0,5628.0
1707,20220904,839.0,873,840.0,648,907,992.0,5099.0
1708,20220905,575.0,719,667.0,666,758,863.0,4248.0
1709,20220906,539.0,703,795.0,658,814,767.0,4276.0
1710,20220907,567.0,799,773.0,701,799,884.0,4523.0
1711,20220908,590.0,834,865.0,636,907,951.0,4783.0
1712,20220909,679.0,985,961.0,737,1063,1088.0,5513.0
1713,20220910,755.0,1072,1080.0,793,1166,991.0,5857.0
1714,20220911,785.0,903,888.0,575,847,1000.0,4998.0
1715,20220912,580.0,795,771.0,771,908,1211.0,5036.0
1716,20220913,547.0,794,781.0,721,729,860.0,4432.0
1717,20220914,474.0,832,835.0,694,757,997.0,4589.0
1718,20220915,527.0,910,817.0,801,803,964.0,4822.0
1719,20220916,658.0,1061,957.0,829,1199,1179.0,5883.0
1720,20220917,852.0,1185,1011.0,901,1200,1044.0,6193.0
1721,20220918,833.0,906,860.0,596,974,817.0,4986.0
1722,20220919,528.0,754,787.0,754,812,1009.0,4644.0
1723,20220920,509.0,808,851.0,740,853,994.0,4755.0
1724,20220921,573.0,877,888.0,794,966,1039.0,5137.0
1725,20220922,625.0,858,927.0,784,846,1038.0,5078.0
1726,20220923,721.0,1094,1027.0,909,1046,1185.0,5982.0
1727,20220924,921.0,1098,1034.0,813,1179,1025.0,6070.0
1728,20220925,862.0,1018,988.0,653,968,966.0,5455.0
1729,20220926,533.0,747,720.0,747,760,970.0,4477.0
1730,20220927,458.0,751,822.0,720,771,864.0,4386.0
1731,20220928,490.0,810,747.0,653,848,867.0,4415.0
1732,20220929,585.0,815,795.0,727,894,929.0,4745.0
1733,20220930,650.0,1102,966.0,801,1146,1149.0,5814.0
1734,20221001,935.0,1111,1141.0,905,1262,1243.0,6597.0
1735,20221002,910.0,985,1028.0,644,935,965.0,5467.0
1736,20221003,410.0,669,744.0,720,679,921.0,4143.0
1737,20221004,438.0,743,740.0,704,687,909.0,4221.0
1738,20221005,490.0,818,804.0,710,782,906.0,4510.0
1739,20221006,437.0,748,748.0,736,786,979.0,4434.0
1740,20221007,641.0,1028,1017.0,795,1176,1246.0,5903.0
1741,20221008,912.0,1176,1031.0,813,1200,1145.0,6277.0
1742,20221009,954.0,966,1003.0,586,889,905.0,5303.0
1743,20221010,445.0,756,678.0,661,625,693.0,3858.0
1744,20221011,444.0,755,778.0,697,751,860.0,4285.0
1745,20221012,483.0,801,763.0,696,762,957.0,4462.0
1746,20221013,475.0,835,767.0,698,817,909.0,4501.0
1747,20221014,684.0,1088,1082.0,755,1116,1244.0,5969.0
1748,20221015,915.0,1241,1124.0,806,1217,1166.0,6469.0
1749,20221016,821.0,984,1052.0,673,907,918.0,5355.0
1750,20221017,456.0,731,643.0,684,706,812.0,4032.0
1751,20221018,461.0,708,804.0,705,688,867.0,4233.0
1752,20221019,460.0,823,771.0,690,718,849.0,4311.0
1753,20221020,527.0,803,805.0,720,766,918.0,4539.0
1754,20221021,688.0,1068,1015.0,826,1126,1266.0,5989.0
1755,20221022,971.0,1284,1159.0,843,1113,1105.0,6475.0
1756,20221023,903.0,925,917.0,573,866,922.0,5106.0
1757,20221024,469.0,728,652.0,645,705,807.0,4006.0
1758,20221025,432.0,792,693.0,715,701,866.0,4199.0
1759,20221026,423.0,789,779.0,737,764,900.0,4392.0
1760,20221027,514.0,789,815.0,721,795,919.0,4553.0
1761,20221028,677.0,1036,1164.0,794,1078,1274.0,6023.0
1762,20221029,1002.0,1197,1155.0,852,1180,1192.0,6578.0
1763,20221030,987.0,1030,1054.0,621,951,917.0,5560.0
1764,20221031,960.0,1115,989.0,808,999,986.0,5857.0
1765,20221101,756.0,953,929.0,657,797,867.0,4959.0
1766,20221102,407.0,750,734.0,676,663,804.0,4034.0
1767,20221103,445.0,795,707.0,676,721,829.0,4173.0
1768,20221104,635.0,951,1036.0,786,989,1195.0,5592.0
1769,20221105,888.0,1233,1091.0,839,1218,1105.0,6374.0
1770,20221106,639.0,953,918.0,574,834,870.0,4788.0
1771,20221107,472.0,687,630.0,686,654,792.0,3921.0
1772,20221108,464.0,725,756.0,659,757,878.0,4239.0
1773,20221109,509.0,759,816.0,653,681,814.0,4232.0
1774,20221110,486.0,890,845.0,744,756,908.0,4629.0
1775,20221111,720.0,1068,1093.0,793,1102,1233.0,6009.0
1776,20221112,986.0,1212,1162.0,861,1215,1148.0,6584.0
1777,20221113,900.0,1017,1003.0,619,914,865.0,5318.0
1778,20221114,449.0,662,623.0,704,697,793.0,3928.0
1779,20221115,531.0,744,790.0,701,703,875.0,4344.0
1780,20221116,464.0,797,800.0,736,820,815.0,4432.0
1781,20221117,428.0,797,773.0,763,707,974.0,4442.0
1782,20221118,722.0,1138,1153.0,832,982,1380.0,6207.0
1783,20221119,1116.0,1219,1250.0,838,1169,1134.0,6726.0
1784,20221120,932.0,1071,1044.0,638,919,848.0,5452.0
1785,20221121,478.0,708,695.0,701,645,782.0,4009.0
1786,20221122,499.0,704,711.0,630,642,804.0,3990.0
1787,20221123,478.0,814,768.0,706,703,822.0,4291.0
1788,20221124,497.0,794,716.0,747,670,842.0,4266.0
1789,20221125,726.0,1076,1020.0,838,951,1140.0,5751.0
1790,20221126,1033.0,1249,1162.0,911,1062,1058.0,6475.0
1791,20221127,901.0,1002,995.0,662,845,716.0,5121.0
1792,20221128,453.0,667,696.0,662,0,823.0,3301.0
1793,20221129,499.0,704,681.0,674,623,803.0,3984.0
1794,20221130,452.0,794,690.0,694,667,816.0,4113.0
1795,20221201,672.0,1099,1135.0,874,973,1247.0,6000.0
1796,20221202,766.0,1177,1263.0,828,1132,1332.0,6498.0
1797,20221203,1050.0,1212,1120.0,833,953,1078.0,6246.0
1798,20221204,938.0,1001,987.0,584,838,924.0,5272.0
1799,20221205,465.0,804,790.0,712,749,888.0,4408.0
1800,20221206,585.0,823,805.0,748,767,873.0,4601.0
1801,20221207,688.0,1036,937.0,831,967,1104.0,5563.0
1802,20221208,905.0,899,908.0,610,850,834.0,5006.0
1803,20221209,929.0,1147,1124.0,741,975,1022.0,5938.0
1804,20221210,897.0,1126,1047.0,723,1009,1069.0,5871.0
1805,20221211,891.0,1022,906.0,653,850,882.0,5204.0
1806,20221212,507.0,805,745.0,739,691,845.0,4332.0
1807,20221213,484.0,787,758.0,745,771,784.0,4329.0
1808,20221214,744.0,1071,1048.0,818,1003,1183.0,5867.0
1809,20221215,636.0,1012,908.0,764,893,1032.0,5245.0
1810,20221216,905.0,1288,1168.0,869,1118,1229.0,6577.0
1811,20221217,1164.0,1287,1052.0,879,1115,1135.0,6632.0
1812,20221218,1029.0,1085,1097.0,651,928,888.0,5678.0
1813,20221219,660.0,943,975.0,823,825,1013.0,5239.0
1814,20221220,671.0,916,855.0,808,836,1014.0,5100.0
1815,20221221,832.0,1185,1154.0,854,1007,0.0,5032.0
1816,20221222,867.0,929,926.0,924,999,1022.0,5667.0
1817,20221223,1073.0,1310,1135.0,1083,1117,1183.0,6901.0
1818,20221224,720.0,328,377.0,815,380,378.0,2998.0
1819,20221225,321.0,527,465.0,0,368,448.0,2129.0
1820,20221226,956.0,1136,995.0,0,807,669.0,4563.0
1821,20221227,903.0,942,822.0,876,792,956.0,5291.0
1822,20221228,869.0,969,856.0,721,810,884.0,5109.0
1823,20221229,794.0,932,903.0,710,886,907.0,5132.0
1824,20221230,894.0,1075,1081.0,801,932,954.0,5737.0
1825,20221231,345.0,367,355.0,617,357,306.0,2347.0
1826,20230101,656.0,1121,937.0,0,716,808.0,4238.0
1827,20230102,789.0,877,814.0,746,717,843.0,4786.0
1828,20230103,690.0,890,806.0,691,796,845.0,4718.0
1829,20230104,668.0,905,842.0,647,774,816.0,4652.0
1830,20230105,820.0,1017,957.0,698,797,850.0,5139.0
1831,20230106,929.0,1030,976.0,534,907,896.0,5272.0
1832,20230107,954.0,1129,1133.0,798,964,950.0,5928.0
1833,20230108,731.0,863,819.0,551,675,734.0,4373.0
1834,20230109,438.0,723,718.0,732,683,879.0,4173.0
1835,20230110,419.0,814,791.0,750,734,995.0,4503.0
1836,20230111,520.0,920,860.0,773,827,1040.0,4940.0
1837,20230112,539.0,978,910.0,743,896,950.0,5016.0
1838,20230113,705.0,1068,1146.0,897,1087,1283.0,6186.0
1839,20230114,1112.0,1301,1254.0,910,1161,1225.0,6963.0
1840,20230115,875.0,1047,1091.0,619,921,819.0,5372.0
1841,20230116,386.0,757,639.0,727,618,772.0,3899.0
1842,20230117,401.0,773,755.0,702,686,796.0,4113.0
1843,20230118,496.0,789,773.0,760,731,858.0,4407.0
1844,20230119,372.0,802,696.0,714,582,829.0,3995.0
1845,20230120,720.0,1173,1040.0,880,1066,1266.0,6145.0
1846,20230121,1089.0,1274,1186.0,845,1126,1134.0,6654.0
1847,20230122,924.0,1084,978.0,655,907,859.0,5407.0
1848,20230123,438.0,695,622.0,640,687,751.0,3833.0
1849,20230124,488.0,797,793.0,708,697,844.0,4327.0
1850,20230125,435.0,827,809.0,735,745,859.0,4410.0
1851,20230126,473.0,812,782.0,701,751,905.0,4424.0
1852,20230127,704.0,1205,1094.0,822,1062,1188.0,6075.0
1853,20230128,1165.0,1321,1228.0,918,1130,1048.0,6810.0
1854,20230129,898.0,1010,1029.0,636,892,826.0,5291.0
1855,20230130,414.0,709,606.0,724,677,890.0,4020.0
1856,20230131,401.0,778,749.0,752,696,846.0,4222.0
1857,20230201,453.0,843,731.0,636,765,897.0,4325.0
1858,20230202,493.0,855,802.0,718,816,854.0,4538.0
1859,20230203,669.0,1133,1030.0,851,1033,1234.0,5950.0
1860,20230204,1170.0,1264,1201.0,869,1193,1073.0,6770.0
1861,20230205,818.0,1014,979.0,632,890,847.0,5180.0
1862,20230206,435.0,722,648.0,665,590,867.0,3927.0
1863,20230207,450.0,608,643.0,672,669,841.0,3883.0
1864,20230208,450.0,780,779.0,706,687,853.0,4255.0
1865,20230209,503.0,835,820.0,747,737,906.0,4548.0
1866,20230210,686.0,1149,1044.0,786,1047,1213.0,5925.0
1867,20230211,991.0,1199,1124.0,875,1118,1063.0,6370.0
1868,20230212,805.0,1099,973.0,645,875,897.0,5294.0
1869,20230213,466.0,697,658.0,723,646,878.0,4068.0
1870,20230214,595.0,838,777.0,786,740,963.0,4699.0
1871,20230215,588.0,788,764.0,747,701,916.0,4504.0
1872,20230216,463.0,900,828.0,765,754,864.0,4574.0
1873,20230217,689.0,1164,1077.0,825,1071,1233.0,6059.0
1874,20230218,1011.0,1189,1141.0,901,1080,1014.0,6336.0
1875,20230219,855.0,1053,947.0,610,1034,919.0,5418.0
1876,20230220,617.0,683,702.0,737,799,810.0,4348.0
1877,20230221,557.0,701,773.0,724,780,756.0,4291.0
1878,20230222,452.0,770,717.0,754,698,804.0,4195.0
1879,20230223,464.0,777,756.0,769,710,908.0,4384.0
1880,20230224,748.0,1075,1111.0,862,1064,1094.0,5954.0
1881,20230225,999.0,1189,1075.0,841,1108,1047.0,6259.0
1882,20230226,744.0,950,924.0,614,845,748.0,4825.0
1883,20230227,426.0,723,763.0,668,646,756.0,3982.0
1884,20230228,445.0,737,662.0,743,674,854.0,4115.0
1885,20230301,460.0,840,700.0,725,728,856.0,4309.0
1886,20230302,532.0,777,832.0,729,670,877.0,4417.0
1887,20230303,805.0,974,1109.0,861,969,1268.0,5986.0
1888,20230304,1072.0,1192,1230.0,932,1183,1124.0,6733.0
1889,20230305,925.0,1023,970.0,636,886,980.0,5420.0
1890,20230306,434.0,707,667.0,698,605,814.0,3925.0
1891,20230307,441.0,786,719.0,684,694,915.0,4239.0
1892,20230308,624.0,923,791.0,662,564,921.0,4485.0
1893,20230309,494.0,767,777.0,736,685,865.0,4324.0
1894,20230310,799.0,1103,1086.0,816,951,1228.0,5983.0
1895,20230311,1112.0,1253,1217.0,928,1173,1202.0,6885.0
1896,20230312,850.0,1126,1046.0,676,933,855.0,5486.0
1897,20230313,388.0,709,682.0,719,668,763.0,3929.0
1898,20230314,442.0,747,754.0,751,662,931.0,4287.0
1899,20230315,501.0,858,864.0,776,800,923.0,4722.0
1900,20230316,463.0,872,852.0,836,759,904.0,4686.0
1901,20230317,786.0,1140,1075.0,915,1003,1279.0,6198.0
1902,20230318,989.0,1318,1194.0,946,1158,1050.0,6655.0
1903,20230319,731.0,1034,1016.0,617,825,905.0,5128.0
1904,20230320,371.0,733,721.0,707,661,827.0,4020.0
1905,20230321,495.0,744,745.0,786,718,817.0,4305.0
1906,20230322,493.0,837,845.0,753,718,994.0,4640.0
1907,20230323,515.0,824,771.0,695,661,884.0,4350.0
1908,20230324,797.0,1088,1016.0,813,1001,1243.0,5958.0
1909,20230325,1006.0,1157,1163.0,726,1065,1117.0,6234.0
1910,20230326,937.0,1067,944.0,523,885,985.0,5341.0
1911,20230327,485.0,830,806.0,678,779,867.0,4445.0
1912,20230328,486.0,845,839.0,613,785,904.0,4472.0
1913,20230329,544.0,823,828.0,697,792,1037.0,4721.0
1914,20230330,560.0,822,960.0,736,857,954.0,4889.0
1915,20230331,717.0,1171,1052.0,769,966,1260.0,5935.0
1916,20230401,1030.0,1246,1128.0,782,1207,1135.0,6528.0
1917,20230402,823.0,1104,933.0,541,896,1039.0,5336.0
1918,20230403,558.0,741,728.0,678,689,763.0,4157.0
1919,20230404,465.0,783,830.0,682,632,894.0,4286.0
1920,20230405,679.0,945,959.0,744,936,1025.0,5288.0
1921,20230406,834.0,1082,1055.0,722,963,962.0,5618.0
1922,20230407,1051.0,1133,1073.0,675,1045,1008.0,5985.0
1923,20230408,993.0,987,1030.0,735,983,901.0,5629.0
1924,20230409,347.0,600,579.0,0,436,542.0,2504.0
1925,20230410,687.0,996,861.0,0,750,785.0,4079.0
1926,20230411,638.0,829,753.0,679,699,771.0,4369.0
1927,20230412,516.0,794,698.0,608,695,829.0,4140.0
1928,20230413,538.0,818,717.0,595,746,794.0,4208.0
1929,20230414,949.0,1153,1103.0,795,1052,1182.0,6234.0
1930,20230415,1083.0,1353,1086.0,788,1059,1054.0,6423.0
1931,20230416,826.0,1099,1032.0,567,941,894.0,5359.0
1932,20230417,451.0,752,770.0,661,715,794.0,4143.0
1933,20230418,497.0,766,800.0,660,745,886.0,4354.0
1934,20230419,494.0,835,797.0,692,714,938.0,4470.0
1935,20230420,558.0,936,857.0,736,793,886.0,4766.0
1936,20230421,752.0,1186,1161.0,955,1038,1335.0,6427.0
1937,20230422,984.0,1226,1328.0,962,1223,1130.0,6853.0
1938,20230423,954.0,968,1015.0,684,964,966.0,5551.0
1939,20230424,848.0,922,947.0,767,908,937.0,5329.0
1940,20230425,734.0,1021,833.0,655,868,843.0,4954.0
1941,20230426,396.0,720,699.0,790,661,841.0,4107.0
1942,20230427,509.0,781,856.0,739,767,902.0,4554.0
1943,20230428,728.0,1198,1132.0,739,1040,1325.0,6162.0
1944,20230429,1021.0,1220,1230.0,883,1138,1075.0,6567.0
1945,20230430,930.0,1016,1111.0,631,926,969.0,5583.0
1946,20230501,797.0,0,901.0,631,1006,912.0,4247.0
1947,20230502,509.0,806,744.0,765,692,847.0,4363.0
1948,20230503,593.0,869,0.0,813,783,909.0,3967.0
